Customer_ID,Customer_Name,City,Gender
CUS00001,Suresh Das,Hyderabad,Male
CUS00002,Rahul Patel,Bangalore,male
CUS00003,Rahul Das,Hyderabad,M
CUS00004,Suresh Rao,Chennai,Female
CUS00005,Meera Das,Pune,Male
CUS00006,Meera Verma,Kolkata,Female
CUS00007,Pooja Das,Chennai,M
CUS00008,Ravi Sharma, Ahmedabad  ,male
CUS00009,Pooja Kumar,Kolkata, female  
CUS00010,Pooja Verma, Pune  ,MALE
CUS00011,Ananya Kumar,Hyderabad,F
CUS00012,Ravi Joshi,Kolkata,F
CUS00013,Suresh Rao,Pune, male  
CUS00014,Sneha Sharma,Bangalore,Male
CUS00015,Vikram Gupta, Hyderabad  ,FEMALE
CUS00016,Sneha Gupta,Ahmedabad,Female
CUS00017,Ananya Gupta,Ahmedabad,F
CUS00018,Ravi Sharma,Bangalore,Female
CUS00019,Sneha Patel,Bangalore,female
CUS00020,Rahul Singh,Chennai,Male
CUS00021,Vikram Rao,Mumbai,MALE
CUS00022,Suresh Das,Kolkata,female
CUS00023,Meera Das,,FEMALE
CUS00024,Vikram Gupta,Chennai,Female
CUS00025,Suresh Patel,Chennai,MALE
CUS00026,Rahul Sharma,Mumbai,M
CUS00027,Amit Das,Ahmedabad,M
CUS00028,Ananya Nair,Hyderabad,F
CUS00029,Pooja Singh,Chennai,male
CUS00030,Ananya Verma,Chennai,male
CUS00031,Ananya Gupta,Hyderabad,MALE
CUS00032,Meera Das,Chennai,Female
CUS00033,Ravi Nair,Delhi,Female
CUS00034,Sneha Gupta,Chennai,male
CUS00035,Rahul Verma,Kolkata,F
CUS00036,Amit Joshi,Ahmedabad,FEMALE
CUS00037,Priya Singh,Chennai,male
CUS00038,Amit Nair,Kolkata,F
CUS00039,Suresh Patel,Hyderabad,FEMALE
CUS00040,Ananya Kumar,Mumbai,female
CUS00041,Amit Kumar,Bangalore,MALE
CUS00042,Rahul Gupta,Chennai,FEMALE
CUS00043,Sneha Singh,Ahmedabad, M  
CUS00044,Amit Rao,Hyderabad,male
CUS00045,Amit Sharma,Chennai,Male
CUS00046,Rahul Patel,Delhi,MALE
CUS00047,Rahul Rao,Mumbai,MALE
CUS00048,Priya Joshi,Delhi,MALE
CUS00049,Ravi Kumar,Hyderabad,female
CUS00050,Pooja Gupta, Bangalore  ,female
CUS00051,Pooja Singh, Hyderabad  ,Female
CUS00052,Sneha Joshi,Delhi,Female
CUS00053,Vikram Gupta,Chennai,male
CUS00054,Rahul Singh,Pune, Male  
CUS00055,Priya Gupta,Pune,MALE
CUS00056,Ravi Joshi,Pune,F
CUS00057,Amit Singh,Kolkata,Female
CUS00058,Ravi Gupta,Delhi,F
CUS00059,Pooja Verma,Mumbai,male
CUS00060,Suresh Das,Kolkata, FEMALE  
CUS00061,Meera Verma,Hyderabad,FEMALE
CUS00062,Ravi Singh,Kolkata,FEMALE
CUS00063,Rahul Verma, Mumbai  ,F
CUS00064,Sneha Nair,Ahmedabad, MALE  
CUS00065,Meera Joshi,Kolkata,F
CUS00066,Amit Verma,Delhi,Female
CUS00067,Meera Das,Kolkata,Male
CUS00068,Ananya Sharma,Chennai,F
CUS00069,Ananya Joshi,Hyderabad,F
CUS00070,Vikram Nair,Delhi,Male
CUS00071,Ravi Verma,,male
CUS00072,Sneha Gupta,Chennai,M
CUS00073,Pooja Joshi,,Female
CUS00074,Ravi Das,,Male
CUS00075,Rahul Singh,Ahmedabad,male
CUS00076,Ravi Rao,Delhi,FEMALE
CUS00077,Rahul Singh,Hyderabad,MALE
CUS00078,Suresh Gupta,Kolkata,MALE
CUS00079,Rahul Singh,Hyderabad,MALE
CUS00080,Ravi Nair,Pune,F
CUS00081,Amit Rao,Chennai,Male
CUS00082,Rahul Kumar, Bangalore  ,MALE
CUS00083,Suresh Sharma,Chennai,MALE
CUS00084,Suresh Rao,Pune,female
CUS00085,Amit Rao,Hyderabad,MALE
CUS00086,Amit Sharma,Kolkata,FEMALE
CUS00087,Ananya Das,Chennai,F
CUS00088,Priya Singh,Hyderabad,MALE
CUS00089,Suresh Kumar,Bangalore,Male
CUS00090,Rahul Sharma,Bangalore,Male
CUS00091,Meera Nair,Bangalore,MALE
CUS00092,Suresh Verma, Pune  ,female
CUS00093,Sneha Gupta,Bangalore,Female
CUS00094,Amit Verma,Pune,F
CUS00095,Ananya Rao,Pune,female
CUS00096,Suresh Gupta,Delhi, MALE  
CUS00097,Priya Verma,Ahmedabad,female
CUS00098,Sneha Patel,Bangalore,Male
CUS00099,Priya Singh,Kolkata,M
CUS00100,Rahul Kumar,Mumbai, Female  
CUS00101,Pooja Rao,Delhi,MALE
CUS00102,Meera Verma,Kolkata,Female
CUS00103,Vikram Das,Mumbai,Female
CUS00104,Amit Joshi,Delhi,M
CUS00105,Suresh Kumar,Bangalore,M
CUS00106,Amit Nair,Bangalore,FEMALE
CUS00107,Priya Kumar,,M
CUS00108,Suresh Singh,Hyderabad,FEMALE
CUS00109,Rahul Das,Bangalore,MALE
CUS00110,Priya Kumar,Mumbai,F
CUS00111,Ananya Singh,Delhi,F
CUS00112,Pooja Gupta,Hyderabad,female
CUS00113,Ravi Singh,Chennai,FEMALE
CUS00114,Ananya Singh,Mumbai,M
CUS00115,Pooja Nair,Pune,FEMALE
CUS00116,Rahul Nair,Delhi,MALE
CUS00117,Amit Nair,Hyderabad,Female
CUS00118,Suresh Kumar,Mumbai,female
CUS00119,Meera Kumar,Ahmedabad,M
CUS00120,Amit Patel,Bangalore,M
CUS00121,Meera Singh,Bangalore,male
CUS00122,Vikram Gupta,,F
CUS00123,Pooja Sharma, Hyderabad  ,FEMALE
CUS00124,Vikram Das,Mumbai,MALE
CUS00125,Ravi Patel,Bangalore,Female
CUS00126,Meera Sharma,Kolkata,F
CUS00127,Rahul Singh,Bangalore,MALE
CUS00128,Ananya Verma,Pune,female
CUS00129,Ravi Sharma,Ahmedabad,male
CUS00130,Suresh Sharma, Hyderabad  ,male
CUS00131,Ravi Das, Bangalore  ,male
CUS00132,Sneha Joshi,Mumbai,MALE
CUS00133,Meera Singh,Ahmedabad,M
CUS00134,Priya Patel,Chennai,F
CUS00135,Suresh Rao,Kolkata,female
CUS00136,Suresh Nair,Bangalore,Male
CUS00137,Ravi Nair,Delhi,Male
CUS00138,Pooja Rao,,M
CUS00139,Vikram Joshi,Pune,Female
CUS00140,Amit Sharma,Hyderabad,M
CUS00141,Ananya Rao,Delhi,female
CUS00142,Suresh Rao,Pune,MALE
CUS00143,Ravi Nair,Pune,M
CUS00144,Vikram Das,Ahmedabad,F
CUS00145,Priya Patel,Pune,male
CUS00146,Ravi Gupta,Ahmedabad,Female
CUS00147,Rahul Joshi,Mumbai,Male
CUS00148,Amit Rao,Kolkata,FEMALE
CUS00149,Rahul Joshi,Kolkata,Male
CUS00150,Meera Nair, Ahmedabad  ,MALE
CUS00151,Amit Singh,Hyderabad,FEMALE
CUS00152,Ravi Das,Delhi,FEMALE
CUS00153,Suresh Kumar,Hyderabad,Female
CUS00154,Sneha Joshi,Pune,female
CUS00155,Suresh Verma,Kolkata,M
CUS00156,Meera Kumar,Chennai,MALE
CUS00157,Pooja Joshi,Ahmedabad,female
CUS00158,Sneha Patel,Mumbai,M
CUS00159,Vikram Patel,Pune,Male
CUS00160,Rahul Joshi,Chennai, FEMALE  
CUS00161,Sneha Joshi,Pune,MALE
CUS00162,Sneha Patel,Hyderabad,MALE
CUS00163,Pooja Das,Pune,Female
CUS00164,Ananya Das,Mumbai,Male
CUS00165,Suresh Kumar,Pune,MALE
CUS00166,Ravi Joshi,Kolkata,Male
CUS00167,Priya Nair,Mumbai,male
CUS00168,Priya Gupta,,female
CUS00169,Pooja Das,Pune,MALE
CUS00170,Ananya Gupta,Pune,female
CUS00171,Sneha Verma,Kolkata,male
CUS00172,Rahul Joshi,Chennai,M
CUS00173,Vikram Kumar,Mumbai,FEMALE
CUS00174,Vikram Joshi,Mumbai,Male
CUS00175,Suresh Kumar,Delhi,FEMALE
CUS00176,Suresh Singh, Pune  ,female
CUS00177,Pooja Verma,Chennai,F
CUS00178,Ananya Rao,Kolkata,male
CUS00179,Ananya Gupta,Kolkata,male
CUS00180,Pooja Gupta,Chennai,M
CUS00181,Sneha Kumar,Ahmedabad,Male
CUS00182,Pooja Nair,Delhi, Female  
CUS00183,Meera Singh, Mumbai  ,Female
CUS00184,Vikram Joshi,Delhi,MALE
CUS00185,Ananya Gupta,Bangalore, Male  
CUS00186,Rahul Nair,Ahmedabad,MALE
CUS00187,Suresh Kumar,Bangalore,M
CUS00188,Ananya Rao,Pune,Female
CUS00189,Pooja Nair,,male
CUS00190,Ravi Kumar,Mumbai,F
CUS00191,Suresh Rao,Hyderabad,female
CUS00192,Sneha Kumar,Kolkata,M
CUS00193,Suresh Kumar,Delhi,MALE
CUS00194,Pooja Das,Kolkata,male
CUS00195,Rahul Sharma,Ahmedabad,female
CUS00196,Pooja Sharma,Mumbai,MALE
CUS00197,Vikram Joshi,,female
CUS00198,Rahul Sharma,Pune,FEMALE
CUS00199,Vikram Rao,Chennai,F
CUS00200,Pooja Patel,Mumbai,female
CUS00201,Sneha Joshi,Mumbai,Female
CUS00202,Amit Nair,Kolkata,FEMALE
CUS00203,Amit Patel,Delhi,female
CUS00204,Vikram Das,Delhi,Male
CUS00205,Pooja Das,Delhi,Male
CUS00206,Meera Gupta,Bangalore,male
CUS00207,Sneha Gupta, Mumbai  ,Female
CUS00208,Ravi Gupta,Pune, female  
CUS00209,Suresh Joshi,,F
CUS00210,Vikram Das,Hyderabad,FEMALE
CUS00211,Suresh Gupta, Bangalore  ,MALE
CUS00212,Amit Das, Ahmedabad  ,M
CUS00213,Suresh Rao,Pune,Female
CUS00214,Ananya Rao,Hyderabad,male
CUS00215,Rahul Singh,Pune, Female  
CUS00216,Ravi Joshi,Mumbai, Female  
CUS00217,Sneha Joshi, Chennai  , Female  
CUS00218,Ravi Gupta,Delhi,FEMALE
CUS00219,Vikram Verma,Mumbai,Male
CUS00220,Sneha Patel,Hyderabad,female
CUS00221,Meera Gupta,Hyderabad,M
CUS00222,Rahul Nair,Ahmedabad,Female
CUS00223,Ananya Nair,Kolkata,F
CUS00224,Ananya Das,Pune,M
CUS00225,Pooja Joshi,Hyderabad,MALE
CUS00226,Suresh Singh,,MALE
CUS00227,Amit Kumar, Chennai  ,female
CUS00228,Ananya Das,Bangalore,male
CUS00229,Meera Patel,Hyderabad,Female
CUS00230,Meera Verma,Delhi,male
CUS00231,Amit Gupta, Chennai  , M  
CUS00232,Sneha Das,Pune,Female
CUS00233,Amit Gupta,Mumbai,Male
CUS00234,Ravi Joshi,Bangalore, male  
CUS00235,Ananya Verma,Delhi,M
CUS00236,Ravi Nair,,M
CUS00237,Sneha Joshi,Kolkata,male
CUS00238,Vikram Rao,Kolkata,female
CUS00239,Ravi Gupta,Pune,Female
CUS00240,Rahul Gupta,Pune,Male
CUS00241,Ananya Singh,Ahmedabad,female
CUS00242,Vikram Sharma,Delhi,male
CUS00243,Ananya Patel,Pune,F
CUS00244,Meera Singh,Hyderabad,MALE
CUS00245,Amit Kumar,Mumbai,Male
CUS00246,Amit Verma,Hyderabad,Male
CUS00247,Amit Kumar,Kolkata,FEMALE
CUS00248,Pooja Das,Kolkata,Female
CUS00249,Amit Sharma,Delhi,F
CUS00250,Rahul Sharma,Hyderabad,F
CUS00251,Suresh Kumar,Pune,MALE
CUS00252,Vikram Patel,Mumbai,Male
CUS00253,Ravi Nair,Bangalore,male
CUS00254,Meera Gupta,Hyderabad,M
CUS00255,Sneha Singh,Ahmedabad,male
CUS00256,Rahul Das,Chennai,male
CUS00257,Rahul Sharma,Bangalore,Female
CUS00258,Vikram Singh,Pune,M
CUS00259,Meera Patel,Hyderabad,MALE
CUS00260,Pooja Singh,,Female
CUS00261,Rahul Singh,Ahmedabad,M
CUS00262,Ravi Patel,Hyderabad,Male
CUS00263,Pooja Gupta,Hyderabad,F
CUS00264,Ravi Gupta,Ahmedabad,Male
CUS00265,Pooja Joshi,Kolkata,Male
CUS00266,Amit Nair,Mumbai,M
CUS00267,Pooja Rao,Kolkata,Male
CUS00268,Meera Sharma,Chennai,male
CUS00269,Priya Singh,Bangalore,Female
CUS00270,Meera Patel,Bangalore,Male
CUS00271,Priya Verma,Ahmedabad,male
CUS00272,Ravi Nair,Delhi,Female
CUS00273,Meera Singh,Bangalore,male
CUS00274,Vikram Joshi,Bangalore,Male
CUS00275,Amit Das,Chennai,male
CUS00276,Amit Das, Chennai  ,F
CUS00277,Pooja Verma,Ahmedabad,F
CUS00278,Rahul Sharma,Mumbai, female  
CUS00279,Priya Sharma, Pune  ,MALE
CUS00280,Meera Das,Delhi,MALE
CUS00281,Priya Kumar,Bangalore,FEMALE
CUS00282,Suresh Verma,Pune,Female
CUS00283,Ravi Nair,Chennai,MALE
CUS00284,Suresh Verma,Hyderabad,Female
CUS00285,Ananya Kumar,Ahmedabad,MALE
CUS00286,Pooja Joshi,Pune,F
CUS00287,Amit Verma,Bangalore,MALE
CUS00288,Ravi Rao,Mumbai,female
CUS00289,Sneha Kumar,Mumbai, female  
CUS00290,Priya Gupta,Chennai,FEMALE
CUS00291,Sneha Gupta,Pune,Male
CUS00292,Rahul Joshi,Pune,F
CUS00293,Ravi Sharma,Bangalore,FEMALE
CUS00294,Ananya Gupta,Chennai,Male
CUS00295,Ravi Nair,Delhi,Male
CUS00296,Vikram Gupta,Bangalore,Female
CUS00297,Vikram Patel,Mumbai,female
CUS00298,Priya Joshi,Chennai,Male
CUS00299,Pooja Nair,Mumbai,male
CUS00300,Suresh Singh,Chennai,Female
CUS00301,Amit Das,Hyderabad, Female  
CUS00302,Vikram Sharma,Delhi,Female
CUS00303,Vikram Nair,Chennai,female
CUS00304,Vikram Verma,Pune,MALE
CUS00305,Ananya Nair,Mumbai,Female
CUS00306,Rahul Verma,Pune,MALE
CUS00307,Amit Joshi,Chennai, F  
CUS00308,Meera Das,Mumbai,M
CUS00309,Suresh Verma,Ahmedabad,female
CUS00310,Vikram Joshi,Ahmedabad,F
CUS00311,Ravi Singh,Ahmedabad,MALE
CUS00312,Priya Joshi,Pune,F
CUS00313,Ananya Das,Delhi,male
CUS00314,Priya Kumar,Bangalore,Female
CUS00315,Pooja Rao,Ahmedabad,female
CUS00316,Ravi Das,Delhi,M
CUS00317,Meera Joshi,Pune,Female
CUS00318,Rahul Kumar,Delhi,Female
CUS00319,Amit Verma, Kolkata  ,M
CUS00320,Rahul Joshi,Hyderabad,Male
CUS00321,Ananya Kumar,Chennai,female
CUS00322,Meera Sharma,Chennai,FEMALE
CUS00323,Suresh Sharma,Kolkata,Male
CUS00324,Vikram Sharma,Mumbai,FEMALE
CUS00325,Ravi Rao,Hyderabad,FEMALE
CUS00326,Suresh Rao,Kolkata,F
CUS00327,Priya Sharma,Pune,male
CUS00328,Rahul Verma,Bangalore,M
CUS00329,Meera Rao,Bangalore,F
CUS00330,Sneha Singh,Bangalore,F
CUS00331,Vikram Rao,Kolkata,female
CUS00332,Priya Das,,F
CUS00333,Priya Nair,Ahmedabad,MALE
CUS00334,Suresh Das,Delhi,Female
CUS00335,Suresh Joshi,Chennai,Male
CUS00336,Amit Das,Pune,MALE
CUS00337,Meera Singh,Chennai,Male
CUS00338,Priya Singh,Mumbai,Male
CUS00339,Vikram Kumar,Delhi,male
CUS00340,Ananya Singh,Mumbai,male
CUS00341,Amit Gupta,Chennai,male
CUS00342,Ravi Rao,Delhi,male
CUS00343,Ananya Sharma,Hyderabad,male
CUS00344,Pooja Kumar,Chennai,male
CUS00345,Ravi Joshi,Ahmedabad,female
CUS00346,Pooja Rao,Chennai,Male
CUS00347,Suresh Gupta,Pune,Male
CUS00348,Vikram Verma,Kolkata,MALE
CUS00349,Meera Patel,Chennai,female
CUS00350,Amit Verma,Pune,FEMALE
CUS00351,Vikram Kumar,Mumbai,F
CUS00352,Sneha Das, Hyderabad  ,Male
CUS00353,Meera Singh,Delhi,male
CUS00354,Priya Joshi,Delhi,F
CUS00355,Priya Kumar,Chennai,FEMALE
CUS00356,Vikram Singh,Mumbai,Male
CUS00357,Rahul Joshi, Ahmedabad  ,female
CUS00358,Priya Joshi,Delhi,female
CUS00359,Amit Joshi,Chennai,MALE
CUS00360,Vikram Singh,,Male
CUS00361,Ravi Verma,Pune,F
CUS00362,Suresh Gupta, Hyderabad  ,F
CUS00363,Ananya Verma,Pune,Female
CUS00364,Amit Rao,Ahmedabad,female
CUS00365,Ananya Joshi,Hyderabad,Female
CUS00366,Sneha Sharma,Delhi,female
CUS00367,Pooja Sharma,Hyderabad,MALE
CUS00368,Sneha Nair,Mumbai,Male
CUS00369,Sneha Verma,Ahmedabad,male
CUS00370,Meera Sharma,Mumbai,Male
CUS00371,Vikram Verma,Hyderabad,male
CUS00372,Priya Verma,Ahmedabad,Female
CUS00373,Ravi Gupta,Ahmedabad,Female
CUS00374,Sneha Sharma,Kolkata,male
CUS00375,Rahul Gupta,Bangalore,male
CUS00376,Meera Rao,Bangalore,Male
CUS00377,Priya Das, Bangalore  , Male  
CUS00378,Sneha Singh,Chennai,F
CUS00379,Amit Das,Chennai,male
CUS00380,Vikram Gupta,Bangalore,Female
CUS00381,Priya Das, Kolkata  ,Female
CUS00382,Sneha Kumar,Pune,female
CUS00383,Rahul Sharma,Mumbai,F
CUS00384,Meera Joshi,Mumbai,M
CUS00385,Amit Joshi,Mumbai,male
CUS00386,Ananya Rao, Delhi  ,F
CUS00387,Ananya Patel,Hyderabad,female
CUS00388,Sneha Verma,Delhi,female
CUS00389,Meera Joshi,Ahmedabad,M
CUS00390,Vikram Patel,Bangalore,female
CUS00391,Priya Joshi,Pune,Male
CUS00392,Meera Singh,Ahmedabad,female
CUS00393,Suresh Joshi,Bangalore,female
CUS00394,Ravi Patel,Hyderabad, MALE  
CUS00395,Amit Rao,Hyderabad,male
CUS00396,Ravi Joshi, Mumbai  ,Male
CUS00397,Ravi Patel,Delhi,Male
CUS00398,Vikram Singh,Bangalore, Female  
CUS00399,Pooja Singh,Ahmedabad,Male
CUS00400,Amit Verma,Kolkata,F
CUS00401,Vikram Das,Kolkata,Male
CUS00402,Amit Nair,Hyderabad,FEMALE
CUS00403,Amit Gupta,Pune,FEMALE
CUS00404,Sneha Singh,Pune,Female
CUS00405,Meera Patel,Pune,F
CUS00406,Priya Gupta,Hyderabad,M
CUS00407,Suresh Nair,Pune,Female
CUS00408,Pooja Verma,Chennai,Female
CUS00409,Vikram Verma,Delhi,Female
CUS00410,Suresh Singh,Bangalore,Male
CUS00411,Priya Sharma,Ahmedabad,Male
CUS00412,Ananya Gupta,Hyderabad,FEMALE
CUS00413,Meera Singh,Ahmedabad,F
CUS00414,Vikram Sharma,Chennai,F
CUS00415,Rahul Nair,Bangalore,male
CUS00416,Priya Sharma,Chennai,male
CUS00417,Suresh Sharma,Pune,FEMALE
CUS00418,Rahul Nair,Pune,F
CUS00419,Pooja Gupta,,F
CUS00420,Vikram Joshi, Bangalore  ,FEMALE
CUS00421,Pooja Gupta,Chennai,male
CUS00422,Priya Kumar,Delhi,male
CUS00423,Ananya Sharma,Mumbai,F
CUS00424,Priya Nair,Hyderabad,MALE
CUS00425,Ananya Das,Ahmedabad,M
CUS00426,Ravi Gupta,Mumbai,male
CUS00427,Pooja Nair,Kolkata,FEMALE
CUS00428,Vikram Singh,Delhi,M
CUS00429,Vikram Joshi,Kolkata,Female
CUS00430,Ravi Kumar, Pune  ,M
CUS00431,Ravi Kumar,Kolkata,male
CUS00432,Pooja Patel, Ahmedabad  ,MALE
CUS00433,Pooja Verma,Mumbai,MALE
CUS00434,Vikram Joshi,Chennai, female  
CUS00435,Vikram Joshi,Delhi,F
CUS00436,Rahul Das,Delhi,Male
CUS00437,Amit Kumar,Mumbai,male
CUS00438,Vikram Nair,Pune, FEMALE  
CUS00439,Meera Singh,Delhi,male
CUS00440,Ananya Verma,Pune,MALE
CUS00441,Pooja Rao,,MALE
CUS00442,Sneha Patel,Pune,female
CUS00443,Amit Joshi,Delhi,Female
CUS00444,Meera Nair,Pune,F
CUS00445,Rahul Patel,Pune,Female
CUS00446,Priya Verma,Chennai,Female
CUS00447,Amit Nair,Mumbai,Male
CUS00448,Amit Verma,Mumbai, Male  
CUS00449,Ananya Sharma,Delhi,female
CUS00450,Ananya Gupta,Delhi,MALE
CUS00451,Priya Verma,Bangalore,female
CUS00452,Suresh Sharma,Mumbai,MALE
CUS00453,Meera Singh,Delhi,F
CUS00454,Ravi Patel,Ahmedabad,FEMALE
CUS00455,Priya Nair,Hyderabad,FEMALE
CUS00456,Amit Verma,Bangalore,MALE
CUS00457,Vikram Joshi,Pune,F
CUS00458,Priya Joshi,Hyderabad,M
CUS00459,Ravi Joshi,Pune,F
CUS00460,Rahul Verma,Delhi,Female
CUS00461,Ravi Joshi,Pune,M
CUS00462,Ravi Gupta,Chennai,MALE
CUS00463,Rahul Joshi,Ahmedabad,F
CUS00464,Rahul Sharma,Delhi,female
CUS00465,Rahul Rao,Delhi,F
CUS00466,Suresh Joshi,Pune,Female
CUS00467,Suresh Gupta,Ahmedabad,F
CUS00468,Priya Rao,,M
CUS00469,Rahul Nair,Ahmedabad, F  
CUS00470,Ravi Joshi,Chennai,M
CUS00471,Rahul Nair,Delhi,F
CUS00472,Ananya Kumar,Mumbai,M
CUS00473,Ananya Das, Pune  ,male
CUS00474,Ananya Gupta,Mumbai,M
CUS00475,Vikram Das,Kolkata,female
CUS00476,Rahul Sharma,Delhi,MALE
CUS00477,Ravi Kumar, Pune  ,M
CUS00478,Ravi Gupta,Mumbai,FEMALE
CUS00479,Suresh Gupta,Delhi,female
CUS00480,Priya Nair,Bangalore,M
CUS00481,Meera Verma,,M
CUS00482,Ananya Verma,Delhi,F
CUS00483,Ravi Kumar,Chennai,FEMALE
CUS00484,Suresh Singh,Ahmedabad,Male
CUS00485,Suresh Das,Ahmedabad,F
CUS00486,Ananya Joshi,Kolkata,Male
CUS00487,Ravi Gupta,Bangalore,MALE
CUS00488,Rahul Kumar,Delhi,MALE
CUS00489,Vikram Joshi,Hyderabad, female  
CUS00490,Vikram Singh,Ahmedabad,Male
CUS00491,Amit Joshi,Mumbai,male
CUS00492,Priya Rao, Mumbai  ,FEMALE
CUS00493,Rahul Patel,Pune,M
CUS00494,Meera Nair,Delhi,Female
CUS00495,Ananya Gupta,Chennai,Female
CUS00496,Priya Singh,Kolkata,M
CUS00497,Amit Joshi,Hyderabad,MALE
CUS00498,Sneha Kumar,Pune,M
CUS00499,Meera Sharma,Bangalore, MALE  
CUS00500,Ravi Kumar,Mumbai,female
CUS00501,Ravi Sharma,Pune,female
CUS00502,Sneha Kumar,Kolkata,MALE
CUS00503,Ravi Sharma,Hyderabad,F
CUS00504,Ravi Gupta,Chennai,F
CUS00505,Suresh Verma,Kolkata,male
CUS00506,Amit Sharma,Pune,FEMALE
CUS00507,Sneha Kumar,Bangalore, male  
CUS00508,Rahul Das,Pune,female
CUS00509,Rahul Kumar,Kolkata,F
CUS00510,Ravi Gupta,Bangalore,MALE
CUS00511,Amit Nair,Bangalore, female  
CUS00512,Rahul Sharma,Hyderabad,female
CUS00513,Ananya Singh,Kolkata,male
CUS00514,Pooja Verma, Delhi  ,F
CUS00515,Pooja Rao,Hyderabad,MALE
CUS00516,Vikram Patel,Bangalore,female
CUS00517,Vikram Patel,Kolkata,Male
CUS00518,Pooja Singh,Ahmedabad,F
CUS00519,Ravi Das,Pune,female
CUS00520,Sneha Joshi, Chennai  ,Male
CUS00521,Suresh Das,Pune, Male  
CUS00522,Suresh Sharma,Kolkata,FEMALE
CUS00523,Rahul Verma,Bangalore,FEMALE
CUS00524,Amit Singh,Pune,MALE
CUS00525,Vikram Kumar,Ahmedabad,FEMALE
CUS00526,Pooja Singh,Chennai,male
CUS00527,Pooja Kumar, Ahmedabad  ,female
CUS00528,Ananya Nair,Bangalore, F  
CUS00529,Priya Patel,Ahmedabad,male
CUS00530,Meera Patel,Chennai,MALE
CUS00531,Sneha Joshi,Mumbai,M
CUS00532,Meera Verma,,Female
CUS00533,Vikram Das,Pune,F
CUS00534,Meera Singh,,F
CUS00535,Amit Verma,Hyderabad,MALE
CUS00536,Ravi Verma,Kolkata,female
CUS00537,Rahul Verma,Mumbai,M
CUS00538,Meera Singh,Chennai,MALE
CUS00539,Ravi Joshi,Pune,female
CUS00540,Meera Singh,Chennai,M
CUS00541,Sneha Singh,Kolkata,FEMALE
CUS00542,Ravi Verma,Ahmedabad,Female
CUS00543,Suresh Rao,Ahmedabad,MALE
CUS00544,Suresh Rao,Chennai,Male
CUS00545,Meera Verma,Kolkata,MALE
CUS00546,Ravi Sharma,Mumbai,male
CUS00547,Pooja Joshi,Delhi,FEMALE
CUS00548,Priya Das,Chennai,male
CUS00549,Priya Sharma,Chennai, Male  
CUS00550,Meera Joshi,Bangalore,M
CUS00551,Ravi Kumar,Chennai,FEMALE
CUS00552,Sneha Sharma,,Female
CUS00553,Suresh Patel,Hyderabad,female
CUS00554,Priya Singh,Delhi,F
CUS00555,Pooja Das,Bangalore,F
CUS00556,Amit Verma,Hyderabad, M  
CUS00557,Ravi Joshi,Kolkata, MALE  
CUS00558,Ananya Nair,Ahmedabad,Male
CUS00559,Meera Gupta,Delhi,F
CUS00560,Pooja Gupta,,MALE
CUS00561,Pooja Singh,Ahmedabad,FEMALE
CUS00562,Ananya Joshi,Chennai,M
CUS00563,Rahul Singh,Bangalore,Female
CUS00564,Pooja Kumar,Hyderabad,M
CUS00565,Vikram Gupta,,Male
CUS00566,Ananya Rao,Bangalore,Male
CUS00567,Ananya Gupta,Delhi,female
CUS00568,Suresh Das,Mumbai,male
CUS00569,Priya Verma,Delhi,F
CUS00570,Priya Patel,,Female
CUS00571,Pooja Verma,Pune,F
CUS00572,Sneha Joshi,Bangalore,male
CUS00573,Suresh Singh,,F
CUS00574,Sneha Singh,Delhi,M
CUS00575,Ravi Joshi,Kolkata,M
CUS00576,Suresh Verma,Pune,Male
CUS00577,Ravi Sharma,Delhi,male
CUS00578,Suresh Kumar,Bangalore,MALE
CUS00579,Meera Singh,,MALE
CUS00580,Ravi Patel,Kolkata,F
CUS00581,Rahul Nair,Chennai,M
CUS00582,Rahul Sharma,Chennai,MALE
CUS00583,Vikram Rao,Mumbai,MALE
CUS00584,Ananya Verma,Delhi,MALE
CUS00585,Amit Joshi,Mumbai,F
CUS00586,Vikram Das,Pune,female
CUS00587,Suresh Das,Bangalore,female
CUS00588,Ravi Rao,Hyderabad,Female
CUS00589,Pooja Verma,Delhi,male
CUS00590,Meera Joshi,Pune,M
CUS00591,Ravi Singh,Kolkata,F
CUS00592,Suresh Nair,Bangalore,F
CUS00593,Suresh Gupta,Delhi,Male
CUS00594,Vikram Sharma,Delhi,Female
CUS00595,Pooja Sharma,Bangalore,FEMALE
CUS00596,Vikram Kumar,Bangalore,Male
CUS00597,Ananya Verma,Hyderabad,Male
CUS00598,Ravi Joshi,Mumbai,F
CUS00599,Pooja Singh,Bangalore,F
CUS00600,Ravi Gupta,Pune,M
CUS00601,Rahul Sharma,Mumbai,MALE
CUS00602,Meera Nair,Chennai,Female
CUS00603,Amit Verma,Mumbai,F
CUS00604,Meera Joshi,Bangalore,female
CUS00605,Pooja Sharma,Delhi,M
CUS00606,Priya Verma,Pune,FEMALE
CUS00607,Priya Singh,Delhi,male
CUS00608,Ananya Singh,Chennai,Male
CUS00609,Ravi Gupta,Mumbai,Female
CUS00610,Sneha Das,Chennai, Female  
CUS00611,Vikram Sharma,Hyderabad,M
CUS00612,Sneha Sharma,Pune, F  
CUS00613,Suresh Singh,Chennai,Female
CUS00614,Rahul Gupta,Chennai,female
CUS00615,Suresh Joshi,Bangalore,M
CUS00616,Rahul Sharma, Mumbai  ,MALE
CUS00617,Ravi Gupta,Mumbai,MALE
CUS00618,Suresh Das,Hyderabad,Male
CUS00619,Suresh Kumar,Delhi,Female
CUS00620,Ananya Kumar,Kolkata,FEMALE
CUS00621,Pooja Das,Ahmedabad,FEMALE
CUS00622,Amit Sharma, Pune  ,Male
CUS00623,Suresh Verma,Bangalore,F
CUS00624,Ananya Rao,Delhi,F
CUS00625,Ananya Patel,Pune,Male
CUS00626,Ananya Patel, Ahmedabad  ,MALE
CUS00627,Pooja Gupta,Delhi,female
CUS00628,Ravi Verma,Mumbai, female  
CUS00629,Meera Das,Chennai,female
CUS00630,Meera Patel, Bangalore  ,Female
CUS00631,Pooja Sharma,Chennai,MALE
CUS00632,Ananya Rao,Kolkata,Male
CUS00633,Suresh Sharma,Kolkata,F
CUS00634,Ravi Patel, Hyderabad  ,F
CUS00635,Sneha Rao,Pune,Male
CUS00636,Priya Sharma,Delhi,FEMALE
CUS00637,Sneha Verma,,FEMALE
CUS00638,Suresh Patel,Ahmedabad,Male
CUS00639,Meera Verma,Delhi,Female
CUS00640,Priya Singh,Delhi,M
CUS00641,Ravi Verma,Mumbai,MALE
CUS00642,Ravi Verma,Delhi,MALE
CUS00643,Pooja Rao,Kolkata,Male
CUS00644,Ananya Das,Delhi,Male
CUS00645,Sneha Das,,Female
CUS00646,Meera Joshi,Bangalore,M
CUS00647,Meera Rao,Bangalore,Male
CUS00648,Vikram Das,Pune,male
CUS00649,Suresh Nair,Pune, male  
CUS00650,Sneha Verma,Mumbai,female
CUS00651,Ananya Das,Pune,F
CUS00652,Amit Joshi,Pune,male
CUS00653,Sneha Patel,Hyderabad,female
CUS00654,Ravi Patel,Ahmedabad,FEMALE
CUS00655,Ananya Sharma,Kolkata, FEMALE  
CUS00656,Amit Patel,Delhi, FEMALE  
CUS00657,Ananya Nair,Hyderabad,MALE
CUS00658,Amit Singh,,MALE
CUS00659,Vikram Joshi,Kolkata,FEMALE
CUS00660,Meera Rao,Hyderabad,male
CUS00661,Sneha Nair,Delhi,male
CUS00662,Sneha Sharma,Kolkata,M
CUS00663,Amit Kumar,Hyderabad,male
CUS00664,Priya Joshi,Bangalore,F
CUS00665,Pooja Singh,Delhi,FEMALE
CUS00666,Pooja Joshi,Pune,F
CUS00667,Sneha Joshi,Chennai,Male
CUS00668,Ananya Kumar,Hyderabad,M
CUS00669,Sneha Das,Delhi,F
CUS00670,Ravi Rao,Mumbai,M
CUS00671,Pooja Patel,Pune, M  
CUS00672,Suresh Nair,Chennai,Female
CUS00673,Ananya Sharma,Delhi,Female
CUS00674,Vikram Patel,Hyderabad,MALE
CUS00675,Vikram Kumar,Bangalore, MALE  
CUS00676,Amit Joshi,Pune,M
CUS00677,Suresh Das,Bangalore,female
CUS00678,Sneha Rao,Ahmedabad,Female
CUS00679,Meera Singh,Kolkata,Male
CUS00680,Ravi Rao,,FEMALE
CUS00681,Amit Das,Kolkata,MALE
CUS00682,Meera Das,Mumbai,FEMALE
CUS00683,Ravi Patel,Kolkata, M  
CUS00684,Vikram Verma,Ahmedabad,F
CUS00685,Meera Joshi,Bangalore,Male
CUS00686,Sneha Kumar,Mumbai,M
CUS00687,Ravi Rao,Delhi,Male
CUS00688,Priya Rao,Bangalore,M
CUS00689,Pooja Singh,Hyderabad,M
CUS00690,Amit Singh,Chennai,F
CUS00691,Meera Joshi, Ahmedabad  ,female
CUS00692,Pooja Gupta,,Female
CUS00693,Rahul Das,Chennai,male
CUS00694,Priya Rao,Kolkata,male
CUS00695,Suresh Kumar,Mumbai,MALE
CUS00696,Ravi Nair,Delhi,female
CUS00697,Ananya Rao,Delhi,Female
CUS00698,Priya Joshi,Ahmedabad,Male
CUS00699,Amit Kumar,Kolkata,female
CUS00700,Priya Verma,Delhi,F
CUS00701,Rahul Singh,Hyderabad,F
CUS00702,Ravi Singh,Mumbai,Female
CUS00703,Ananya Singh,,MALE
CUS00704,Amit Nair,Hyderabad,female
CUS00705,Amit Rao,Delhi,Male
CUS00706,Amit Rao,Hyderabad,female
CUS00707,Priya Patel,Mumbai,female
CUS00708,Amit Rao,Delhi,male
CUS00709,Suresh Rao,Delhi,female
CUS00710,Amit Rao,Kolkata,FEMALE
CUS00711,Vikram Das, Pune  , female  
CUS00712,Meera Joshi, Pune  ,M
CUS00713,Priya Das,Delhi,male
CUS00714,Ananya Joshi,Pune,male
CUS00715,Sneha Nair,Delhi,F
CUS00716,Ravi Patel,Mumbai,Female
CUS00717,Ravi Patel, Delhi  ,MALE
CUS00718,Ananya Singh,Mumbai,F
CUS00719,Ravi Kumar,Chennai,Male
CUS00720,Suresh Sharma,Mumbai,FEMALE
CUS00721,Ravi Nair,Hyderabad,female
CUS00722,Priya Patel,Pune,Female
CUS00723,Rahul Das,Mumbai,female
CUS00724,Sneha Patel,Hyderabad,F
CUS00725,Sneha Kumar,Kolkata,MALE
CUS00726,Pooja Joshi,Ahmedabad,M
CUS00727,Pooja Sharma,Kolkata,male
CUS00728,Rahul Nair,Kolkata,MALE
CUS00729,Suresh Das,Bangalore,F
CUS00730,Sneha Sharma, Ahmedabad  ,F
CUS00731,Ravi Rao,Mumbai,FEMALE
CUS00732,Amit Verma,Pune,Female
CUS00733,Ananya Nair,Kolkata,M
CUS00734,Ravi Patel,Ahmedabad,Male
CUS00735,Amit Singh,Hyderabad,FEMALE
CUS00736,Meera Das,Chennai,male
CUS00737,Meera Verma, Bangalore  ,M
CUS00738,Vikram Nair,Hyderabad,M
CUS00739,Meera Gupta,Kolkata,Female
CUS00740,Amit Singh,Bangalore,M
CUS00741,Vikram Rao, Ahmedabad  ,M
CUS00742,Rahul Nair,Bangalore,male
CUS00743,Rahul Patel,Delhi,male
CUS00744,Meera Verma,Chennai,F
CUS00745,Ananya Sharma, Bangalore  ,Female
CUS00746,Vikram Sharma,Hyderabad, Female  
CUS00747,Suresh Kumar,Mumbai,Male
CUS00748,Ananya Gupta,Ahmedabad,M
CUS00749,Ananya Gupta,Hyderabad,M
CUS00750,Rahul Sharma, Delhi  ,M
CUS00751,Meera Joshi,Delhi,female
CUS00752,Ananya Sharma,, FEMALE  
CUS00753,Meera Verma,Pune,F
CUS00754,Priya Rao,Pune,F
CUS00755,Priya Kumar,Chennai,Male
CUS00756,Suresh Patel,Ahmedabad,Female
CUS00757,Amit Singh,Hyderabad,Female
CUS00758,Pooja Verma,Pune,female
CUS00759,Ananya Patel,Bangalore,F
CUS00760,Suresh Rao,Delhi,M
CUS00761,Ananya Das,Hyderabad,Female
CUS00762,Ananya Rao,Hyderabad,FEMALE
CUS00763,Ravi Gupta,Mumbai,female
CUS00764,Meera Das,Pune,male
CUS00765,Vikram Patel,,F
CUS00766,Amit Das,Ahmedabad,MALE
CUS00767,Meera Joshi,Pune,Female
CUS00768,Ananya Singh,Hyderabad, M  
CUS00769,Amit Singh,Hyderabad,female
CUS00770,Suresh Rao,Ahmedabad,male
CUS00771,Ravi Verma,Pune,FEMALE
CUS00772,Ananya Das,Chennai,M
CUS00773,Meera Singh,Mumbai,F
CUS00774,Sneha Sharma,Ahmedabad,male
CUS00775,Ravi Singh,Pune,male
CUS00776,Priya Nair,Mumbai,male
CUS00777,Priya Patel,Pune,M
CUS00778,Ravi Verma,Kolkata,male
CUS00779,Pooja Gupta,Ahmedabad,MALE
CUS00780,Suresh Patel,Mumbai,F
CUS00781,Priya Das,Mumbai,F
CUS00782,Rahul Verma,Bangalore,M
CUS00783,Amit Rao, Pune  ,male
CUS00784,Sneha Verma, Ahmedabad  ,Female
CUS00785,Ananya Verma,Bangalore,Male
CUS00786,Vikram Sharma,Mumbai,male
CUS00787,Rahul Rao,Delhi,FEMALE
CUS00788,Pooja Singh,,MALE
CUS00789,Suresh Patel,Ahmedabad,FEMALE
CUS00790,Vikram Patel,,Male
CUS00791,Meera Rao,Bangalore,FEMALE
CUS00792,Priya Kumar,Delhi,male
CUS00793,Vikram Patel,Kolkata, female  
CUS00794,Rahul Gupta,Pune,male
CUS00795,Priya Nair,Kolkata, female  
CUS00796,Ananya Gupta,Delhi,FEMALE
CUS00797,Ravi Patel,Chennai, MALE  
CUS00798,Vikram Das,Kolkata,Female
CUS00799,Meera Verma,Ahmedabad,MALE
CUS00800,Suresh Nair,Mumbai,M
CUS00801,Rahul Singh,Kolkata,Male
CUS00802,Ananya Patel,Bangalore,Male
CUS00803,Suresh Kumar,Kolkata,FEMALE
CUS00804,Priya Kumar,Chennai,female
CUS00805,Sneha Verma,Kolkata, Female  
CUS00806,Pooja Sharma,Bangalore,MALE
CUS00807,Suresh Nair,Kolkata,male
CUS00808,Suresh Gupta,Delhi,Male
CUS00809,Rahul Nair,Hyderabad,Male
CUS00810,Amit Rao,Hyderabad,male
CUS00811,Sneha Nair,Ahmedabad,Female
CUS00812,Meera Rao,Delhi,MALE
CUS00813,Meera Joshi,Hyderabad,Male
CUS00814,Priya Sharma,Mumbai,FEMALE
CUS00815,Ravi Joshi,Pune, FEMALE  
CUS00816,Pooja Sharma,Hyderabad,male
CUS00817,Vikram Gupta,Bangalore,F
CUS00818,Pooja Joshi,Kolkata,MALE
CUS00819,Sneha Verma,Bangalore,Male
CUS00820,Amit Singh,Hyderabad,M
CUS00821,Pooja Nair,Hyderabad,MALE
CUS00822,Ravi Nair,Ahmedabad,FEMALE
CUS00823,Ananya Nair,Kolkata,Male
CUS00824,Meera Sharma,Mumbai,FEMALE
CUS00825,Sneha Das,Kolkata,Female
CUS00826,Vikram Patel,Bangalore,MALE
CUS00827,Suresh Das,Kolkata,Female
CUS00828,Rahul Rao,Bangalore,male
CUS00829,Meera Patel,Mumbai,male
CUS00830,Sneha Patel,Delhi,MALE
CUS00831,Vikram Verma,Pune,M
CUS00832,Amit Singh,Chennai,M
CUS00833,Pooja Kumar, Mumbai  ,FEMALE
CUS00834,Vikram Verma,Delhi,F
CUS00835,Ananya Das,Delhi,male
CUS00836,Priya Singh,Pune,M
CUS00837,Pooja Verma, Delhi  ,female
CUS00838,Sneha Nair,Delhi,MALE
CUS00839,Suresh Gupta, Bangalore  ,MALE
CUS00840,Ravi Nair,Pune, M  
CUS00841,Meera Sharma,Mumbai,male
CUS00842,Suresh Rao,Hyderabad,Female
CUS00843,Meera Patel,Kolkata, male  
CUS00844,Suresh Kumar,Mumbai,F
CUS00845,Rahul Patel,Chennai,MALE
CUS00846,Vikram Singh,Mumbai,male
CUS00847,Sneha Nair,Chennai,female
CUS00848,Suresh Kumar, Delhi  ,FEMALE
CUS00849,Amit Gupta,Bangalore,FEMALE
CUS00850,Suresh Das,Hyderabad,MALE
CUS00851,Meera Nair,Delhi,MALE
CUS00852,Ravi Singh,Hyderabad,MALE
CUS00853,Pooja Verma,Ahmedabad,FEMALE
CUS00854,Pooja Singh,Ahmedabad,male
CUS00855,Meera Patel, Chennai  ,male
CUS00856,Ravi Verma,Delhi,F
CUS00857,Amit Verma,Bangalore,Female
CUS00858,Priya Kumar,Mumbai,Male
CUS00859,Priya Nair,Bangalore,Male
CUS00860,Meera Joshi,Pune,male
CUS00861,Vikram Nair,Bangalore, female  
CUS00862,Ravi Singh,,MALE
CUS00863,Ananya Kumar,,M
CUS00864,Priya Patel,Hyderabad,Female
CUS00865,Priya Gupta,Delhi,Female
CUS00866,Ananya Das,Delhi,male
CUS00867,Vikram Gupta,Bangalore,MALE
CUS00868,Priya Sharma,Delhi,FEMALE
CUS00869,Pooja Verma,Bangalore,male
CUS00870,Ananya Singh,Delhi,MALE
CUS00871,Ravi Das,Bangalore,F
CUS00872,Suresh Joshi,Pune,female
CUS00873,Ravi Nair,Ahmedabad,M
CUS00874,Amit Gupta,Hyderabad,Male
CUS00875,Ananya Singh,Ahmedabad,Male
CUS00876,Sneha Sharma,Chennai,M
CUS00877,Amit Rao,Bangalore,male
CUS00878,Meera Singh, Pune  ,Female
CUS00879,Meera Rao,Mumbai, female  
CUS00880,Vikram Joshi,Bangalore,male
CUS00881,Rahul Sharma,Kolkata,Male
CUS00882,Ravi Joshi,Mumbai, male  
CUS00883,Rahul Kumar,Chennai,female
CUS00884,Ravi Das,Delhi,male
CUS00885,Pooja Joshi,Mumbai,Female
CUS00886,Ananya Rao,Pune,M
CUS00887,Ananya Sharma,Hyderabad,FEMALE
CUS00888,Amit Kumar,Hyderabad,Female
CUS00889,Priya Das,Hyderabad,Male
CUS00890,Priya Kumar,Mumbai, Male  
CUS00891,Ananya Rao,Mumbai,M
CUS00892,Suresh Verma,Pune,Female
CUS00893,Amit Kumar, Bangalore  ,F
CUS00894,Sneha Patel,Bangalore,Female
CUS00895,Rahul Gupta,Bangalore,FEMALE
CUS00896,Ravi Patel,Chennai, M  
CUS00897,Pooja Verma,Hyderabad,male
CUS00898,Pooja Gupta,Mumbai,Female
CUS00899,Ananya Verma,Bangalore,MALE
CUS00900,Vikram Joshi,Delhi,MALE
CUS00901,Vikram Rao,Bangalore, F  
CUS00902,Suresh Das,Kolkata,male
CUS00903,Amit Das,Pune,F
CUS00904,Priya Kumar,Mumbai,Male
CUS00905,Pooja Verma,Kolkata,Female
CUS00906,Rahul Verma,Pune,F
CUS00907,Ananya Das,Kolkata, FEMALE  
CUS00908,Amit Nair,Ahmedabad,Female
CUS00909,Amit Das,Bangalore,female
CUS00910,Sneha Sharma, Kolkata  ,M
CUS00911,Rahul Verma,Hyderabad,M
CUS00912,Pooja Rao, Bangalore  ,MALE
CUS00913,Ravi Gupta,Hyderabad,Male
CUS00914,Suresh Singh,Chennai,M
CUS00915,Suresh Das,Kolkata,M
CUS00916,Ananya Sharma, Hyderabad  ,male
CUS00917,Priya Rao,Bangalore,F
CUS00918,Rahul Joshi,,F
CUS00919,Suresh Singh, Delhi  ,female
CUS00920,Meera Sharma,Kolkata,female
CUS00921,Priya Joshi,,MALE
CUS00922,Ananya Verma,Ahmedabad,M
CUS00923,Ravi Kumar,Bangalore,male
CUS00924,Priya Verma,Kolkata,Female
CUS00925,Meera Nair,Mumbai,F
CUS00926,Ravi Patel,Delhi,Male
CUS00927,Pooja Verma,Hyderabad,Female
CUS00928,Ravi Sharma,Pune,M
CUS00929,Vikram Kumar,Pune,MALE
CUS00930,Amit Singh,, M  
CUS00931,Meera Rao,Pune,FEMALE
CUS00932,Meera Rao,Hyderabad,M
CUS00933,Ananya Nair,Bangalore,male
CUS00934,Meera Rao,Bangalore,male
CUS00935,Priya Sharma,Chennai,FEMALE
CUS00936,Suresh Verma, Kolkata  , male  
CUS00937,Ananya Singh, Kolkata  ,F
CUS00938,Sneha Rao,Hyderabad,female
CUS00939,Meera Verma,Chennai,male
CUS00940,Vikram Singh,Delhi,Female
CUS00941,Pooja Sharma, Delhi  ,female
CUS00942,Ravi Rao, Kolkata  ,Female
CUS00943,Amit Singh,Pune,male
CUS00944,Meera Das,Mumbai,FEMALE
CUS00945,Amit Nair,Mumbai,Female
CUS00946,Priya Patel,Mumbai,female
CUS00947,Pooja Patel,Mumbai,male
CUS00948,Pooja Rao,Delhi,MALE
CUS00949,Vikram Rao,Kolkata,female
CUS00950,Sneha Joshi,Delhi,MALE
CUS00951,Meera Verma,Kolkata,MALE
CUS00952,Priya Joshi,Kolkata,FEMALE
CUS00953,Vikram Das,Bangalore,MALE
CUS00954,Rahul Gupta,Pune,FEMALE
CUS00955,Ananya Verma, Hyderabad  ,FEMALE
CUS00956,Meera Gupta,,FEMALE
CUS00957,Priya Nair,Hyderabad,female
CUS00958,Ravi Rao,Chennai,Female
CUS00959,Pooja Sharma,Pune,Male
CUS00960,Meera Rao,Chennai,male
CUS00961,Vikram Singh,Hyderabad,Male
CUS00962,Amit Verma, Kolkata  ,Male
CUS00963,Ananya Rao,Ahmedabad,MALE
CUS00964,Pooja Joshi,Delhi,Male
CUS00965,Amit Sharma,Delhi, Female  
CUS00966,Priya Patel,Bangalore,M
CUS00967,Amit Kumar,Pune,Male
CUS00968,Meera Rao,Mumbai,Female
CUS00969,Ananya Singh,Chennai,F
CUS00970,Pooja Kumar,Kolkata,female
CUS00971,Vikram Verma,Pune,Female
CUS00972,Priya Joshi,Pune,female
CUS00973,Sneha Joshi,Mumbai,F
CUS00974,Vikram Joshi,Delhi,FEMALE
CUS00975,Ananya Rao,Bangalore,male
CUS00976,Vikram Rao,Ahmedabad,M
CUS00977,Priya Verma,Bangalore,Female
CUS00978,Suresh Joshi, Hyderabad  , MALE  
CUS00979,Sneha Singh,Pune,Female
CUS00980,Ananya Verma,Kolkata,Male
CUS00981,Sneha Rao,Mumbai,M
CUS00982,Priya Sharma,Bangalore,F
CUS00983,Meera Kumar,Hyderabad,Male
CUS00984,Ravi Rao, Hyderabad  ,female
CUS00985,Rahul Patel,Kolkata,MALE
CUS00986,Priya Singh,Pune,MALE
CUS00987,Priya Singh,Ahmedabad,female
CUS00988,Ravi Gupta,Bangalore,Male
CUS00989,Amit Das,Mumbai,Female
CUS00990,Pooja Verma,Pune,F
CUS00991,Suresh Nair,Mumbai,MALE
CUS00992,Ananya Joshi,Bangalore,Female
CUS00993,Vikram Gupta,Ahmedabad,MALE
CUS00994,Meera Joshi, Ahmedabad  ,FEMALE
CUS00995,Ravi Patel,Delhi,Male
CUS00996,Priya Patel,,M
CUS00997,Suresh Singh,Kolkata,F
CUS00998,Ravi Kumar,Chennai,FEMALE
CUS00999,Priya Rao,Chennai,FEMALE
CUS01000,Amit Joshi,Ahmedabad,FEMALE
CUS01001,Rahul Kumar,Bangalore,MALE
CUS01002,Sneha Kumar,Ahmedabad,Male
CUS01003,Amit Sharma, Delhi  ,M
CUS01004,Vikram Singh,Chennai,male
CUS01005,Pooja Gupta,Hyderabad,MALE
CUS01006,Priya Kumar,Hyderabad,M
CUS01007,Ananya Das,Chennai,M
CUS01008,Sneha Kumar,Bangalore,male
CUS01009,Ravi Rao,Chennai,F
CUS01010,Ananya Joshi,Delhi,FEMALE
CUS01011,Suresh Sharma,Pune,M
CUS01012,Meera Nair,Kolkata,MALE
CUS01013,Ravi Singh,Pune, MALE  
CUS01014,Priya Sharma,Kolkata,F
CUS01015,Vikram Das,Chennai,FEMALE
CUS01016,Suresh Sharma,Ahmedabad,Female
CUS01017,Rahul Kumar,Hyderabad,F
CUS01018,Sneha Verma,Chennai,F
CUS01019,Sneha Patel, Delhi  ,Female
CUS01020,Priya Kumar,Delhi,F
CUS01021,Suresh Kumar,Kolkata,female
CUS01022,Amit Singh,Ahmedabad,M
CUS01023,Suresh Patel,Bangalore,male
CUS01024,Pooja Gupta,Ahmedabad,Female
CUS01025,Ravi Singh,Chennai,Female
CUS01026,Vikram Sharma,Mumbai, M  
CUS01027,Pooja Kumar, Ahmedabad  ,male
CUS01028,Suresh Rao,Mumbai,female
CUS01029,Rahul Kumar,Delhi,FEMALE
CUS01030,Pooja Das,Chennai,F
CUS01031,Ananya Das,Bangalore,MALE
CUS01032,Rahul Patel,Pune, Female  
CUS01033,Sneha Patel,Delhi,F
CUS01034,Ravi Verma,Delhi,M
CUS01035,Ananya Das,Mumbai,Female
CUS01036,Meera Nair,Mumbai,F
CUS01037,Rahul Rao,Hyderabad,MALE
CUS01038,Rahul Sharma,,Female
CUS01039,Suresh Joshi,Pune,Female
CUS01040,Ananya Das,Hyderabad,F
CUS01041,Meera Verma,Bangalore,M
CUS01042,Amit Das,Bangalore,Female
CUS01043,Vikram Rao, Pune  ,MALE
CUS01044,Meera Patel, Pune  , MALE  
CUS01045,Vikram Sharma,Chennai,Female
CUS01046,Amit Singh,Mumbai,FEMALE
CUS01047,Priya Das,Hyderabad,Male
CUS01048,Meera Verma,Mumbai,M
CUS01049,Pooja Nair,Ahmedabad,Male
CUS01050,Sneha Sharma,Hyderabad,MALE
CUS01051,Ravi Sharma, Mumbai  ,female
CUS01052,Ravi Nair, Ahmedabad  ,male
CUS01053,Ananya Rao,Bangalore,FEMALE
CUS01054,Suresh Das,Mumbai,Male
CUS01055,Priya Sharma,,female
CUS01056,Sneha Kumar,Bangalore,FEMALE
CUS01057,Priya Kumar,Bangalore,Female
CUS01058,Sneha Joshi,Hyderabad,FEMALE
CUS01059,Sneha Nair,Chennai,MALE
CUS01060,Ravi Das,Chennai, Female  
CUS01061,Suresh Patel,Ahmedabad,male
CUS01062,Rahul Sharma,Chennai,FEMALE
CUS01063,Amit Joshi,Hyderabad,F
CUS01064,Priya Sharma,Mumbai,MALE
CUS01065,Ravi Joshi,Chennai,Male
CUS01066,Vikram Sharma,Mumbai,M
CUS01067,Vikram Das,Pune,FEMALE
CUS01068,Amit Verma,Hyderabad,M
CUS01069,Suresh Joshi,Kolkata,MALE
CUS01070,Ravi Joshi,Kolkata,MALE
CUS01071,Sneha Nair,,MALE
CUS01072,Vikram Das,Chennai,MALE
CUS01073,Rahul Joshi,Mumbai,FEMALE
CUS01074,Pooja Nair,,Male
CUS01075,Meera Nair,Hyderabad,Female
CUS01076,Vikram Kumar,Pune,MALE
CUS01077,Amit Patel,Ahmedabad,male
CUS01078,Amit Nair,Delhi,F
CUS01079,Amit Gupta, Hyderabad  ,MALE
CUS01080,Priya Nair,Mumbai,Female
CUS01081,Ravi Verma,Delhi,FEMALE
CUS01082,Ananya Gupta,Kolkata,FEMALE
CUS01083,Rahul Gupta,Kolkata,MALE
CUS01084,Sneha Gupta,Mumbai,Male
CUS01085,Rahul Rao,Pune,Male
CUS01086,Meera Nair,Delhi,female
CUS01087,Suresh Nair,Kolkata,Male
CUS01088,Ananya Patel,Ahmedabad,MALE
CUS01089,Pooja Rao,Pune,Female
CUS01090,Pooja Das, Pune  ,Female
CUS01091,Sneha Rao,Hyderabad,male
CUS01092,Priya Rao,Bangalore,FEMALE
CUS01093,Sneha Singh,Kolkata,F
CUS01094,Pooja Verma, Ahmedabad  ,MALE
CUS01095,Priya Singh,Bangalore,Male
CUS01096,Sneha Kumar,Kolkata,M
CUS01097,Meera Verma,Delhi,FEMALE
CUS01098,Pooja Rao, Mumbai  ,F
CUS01099,Meera Nair,Chennai,male
CUS01100,Pooja Rao,,FEMALE
CUS01101,Priya Patel,Pune,MALE
CUS01102,Ravi Gupta,,M
CUS01103,Vikram Das,,female
CUS01104,Pooja Joshi,Pune,Female
CUS01105,Priya Patel,Hyderabad,MALE
CUS01106,Amit Nair,Chennai, male  
CUS01107,Vikram Das, Hyderabad  ,Male
CUS01108,Priya Verma,Kolkata,F
CUS01109,Vikram Verma,Ahmedabad,Female
CUS01110,Ananya Singh,Pune,female
CUS01111,Ananya Sharma,Pune,Female
CUS01112,Suresh Sharma,Kolkata,FEMALE
CUS01113,Vikram Joshi,Mumbai,female
CUS01114,Sneha Verma,Bangalore,F
CUS01115,Amit Rao, Hyderabad  ,female
CUS01116,Pooja Nair,Chennai,female
CUS01117,Pooja Rao,Bangalore,MALE
CUS01118,Vikram Rao,Pune,female
CUS01119,Ananya Verma,Ahmedabad,Female
CUS01120,Pooja Das,Pune,F
CUS01121,Ravi Sharma,,MALE
CUS01122,Ravi Rao,Pune,M
CUS01123,Amit Kumar,Chennai,female
CUS01124,Priya Das,Ahmedabad,male
CUS01125,Priya Gupta,Pune,Male
CUS01126,Ananya Nair,Pune,Male
CUS01127,Sneha Kumar,Hyderabad,M
CUS01128,Sneha Sharma,Bangalore,female
CUS01129,Pooja Sharma,Mumbai,Female
CUS01130,Priya Rao,, female  
CUS01131,Priya Verma,Kolkata,MALE
CUS01132,Meera Rao, Kolkata  ,male
CUS01133,Amit Kumar,Hyderabad,FEMALE
CUS01134,Ravi Verma,Chennai,F
CUS01135,Suresh Nair,Hyderabad,F
CUS01136,Suresh Verma,Hyderabad,M
CUS01137,Pooja Gupta,Ahmedabad,M
CUS01138,Priya Verma,Ahmedabad,FEMALE
CUS01139,Ravi Das,Bangalore,female
CUS01140,Pooja Kumar,Ahmedabad, female  
CUS01141,Meera Das,Kolkata, male  
CUS01142,Pooja Nair,Kolkata,female
CUS01143,Pooja Nair,Ahmedabad,FEMALE
CUS01144,Amit Singh,Delhi,Female
CUS01145,Ravi Joshi,Delhi, Female  
CUS01146,Suresh Rao,Bangalore,male
CUS01147,Vikram Nair, Kolkata  ,MALE
CUS01148,Suresh Patel,Pune,male
CUS01149,Ananya Singh,Pune,F
CUS01150,Rahul Singh,Bangalore,Male
CUS01151,Sneha Verma, Ahmedabad  ,MALE
CUS01152,Priya Gupta,Ahmedabad,F
CUS01153,Ravi Das,,female
CUS01154,Sneha Verma,Chennai,MALE
CUS01155,Priya Singh,Bangalore,male
CUS01156,Meera Joshi,Kolkata,MALE
CUS01157,Meera Singh,Hyderabad,female
CUS01158,Amit Singh,Bangalore, FEMALE  
CUS01159,Priya Patel,Ahmedabad,MALE
CUS01160,Suresh Gupta,Kolkata,F
CUS01161,Vikram Singh,Delhi,male
CUS01162,Suresh Rao,Kolkata,MALE
CUS01163,Ananya Rao,Pune,F
CUS01164,Rahul Sharma,Hyderabad,female
CUS01165,Ananya Verma,Hyderabad,Male
CUS01166,Amit Kumar,Pune,Male
CUS01167,Amit Das,Ahmedabad,MALE
CUS01168,Pooja Nair,Mumbai,F
CUS01169,Rahul Singh,,male
CUS01170,Amit Gupta,Delhi,Male
CUS01171,Amit Gupta,Delhi,female
CUS01172,Ravi Rao,Pune,FEMALE
CUS01173,Priya Singh, Mumbai  ,male
CUS01174,Amit Kumar, Ahmedabad  ,M
CUS01175,Priya Das,Chennai,F
CUS01176,Rahul Gupta,Ahmedabad,male
CUS01177,Pooja Verma,Mumbai,female
CUS01178,Rahul Kumar,Hyderabad,female
CUS01179,Ananya Rao,Mumbai,MALE
CUS01180,Vikram Kumar,Hyderabad,female
CUS01181,Suresh Joshi,Ahmedabad,FEMALE
CUS01182,Meera Patel, Bangalore  ,M
CUS01183,Suresh Nair,Kolkata,MALE
CUS01184,Vikram Sharma,Chennai,MALE
CUS01185,Meera Gupta,Delhi,F
CUS01186,Priya Gupta,Pune,Male
CUS01187,Priya Singh,Mumbai,FEMALE
CUS01188,Pooja Das,Pune,male
CUS01189,Sneha Kumar,Ahmedabad,M
CUS01190,Sneha Nair,Pune,M
CUS01191,Rahul Nair,Delhi,M
CUS01192,Meera Singh,Bangalore,female
CUS01193,Vikram Singh,Bangalore,Male
CUS01194,Sneha Singh,Pune,Male
CUS01195,Sneha Singh,Chennai,female
CUS01196,Ravi Patel, Pune  ,Female
CUS01197,Priya Rao,Ahmedabad,female
CUS01198,Vikram Rao,Bangalore,M
CUS01199,Meera Singh,Kolkata,Male
CUS01200,Ravi Verma,Hyderabad,Male
CUS01201,Priya Gupta,Hyderabad,female
CUS01202,Pooja Sharma,Kolkata,MALE
CUS01203,Suresh Verma,Chennai,male
CUS01204,Ravi Sharma,Ahmedabad,Female
CUS01205,Amit Joshi,Bangalore,M
CUS01206,Priya Das,Kolkata,M
CUS01207,Ananya Verma,Ahmedabad,FEMALE
CUS01208,Priya Singh,Bangalore,M
CUS01209,Meera Joshi,Mumbai,MALE
CUS01210,Pooja Gupta, Kolkata  ,Female
CUS01211,Vikram Sharma,Mumbai,MALE
CUS01212,Vikram Sharma,Chennai,Male
CUS01213,Priya Nair,,M
CUS01214,Vikram Gupta,Delhi,F
CUS01215,Ananya Gupta,Ahmedabad, F  
CUS01216,Priya Gupta,Mumbai,Female
CUS01217,Priya Rao,,MALE
CUS01218,Suresh Patel,Delhi,MALE
CUS01219,Rahul Kumar,Mumbai,M
CUS01220,Ravi Patel,Mumbai,MALE
CUS01221,Meera Gupta,Mumbai,MALE
CUS01222,Meera Kumar,,FEMALE
CUS01223,Pooja Nair,Ahmedabad,FEMALE
CUS01224,Pooja Patel,Mumbai,F
CUS01225,Meera Verma,Bangalore,Male
CUS01226,Suresh Gupta,Ahmedabad,female
CUS01227,Meera Das,Chennai, F  
CUS01228,Amit Kumar,Bangalore,M
CUS01229,Priya Verma,Ahmedabad,male
CUS01230,Rahul Rao,Kolkata,MALE
CUS01231,Ananya Verma,Kolkata,MALE
CUS01232,Pooja Joshi,Pune,female
CUS01233,Amit Nair,Chennai,male
CUS01234,Ravi Rao,Pune,Female
CUS01235,Meera Nair,,female
CUS01236,Sneha Singh,Delhi,Male
CUS01237,Ravi Nair,Ahmedabad,Male
CUS01238,Sneha Singh,Hyderabad,FEMALE
CUS01239,Priya Sharma,Ahmedabad,FEMALE
CUS01240,Rahul Joshi,Hyderabad,F
CUS01241,Priya Sharma,Delhi,male
CUS01242,Priya Rao,Mumbai,F
CUS01243,Amit Kumar,Chennai,Male
CUS01244,Suresh Joshi,Kolkata,Male
CUS01245,Meera Verma,Kolkata,MALE
CUS01246,Pooja Patel,Bangalore,male
CUS01247,Pooja Patel,Chennai,Female
CUS01248,Vikram Das,Chennai,FEMALE
CUS01249,Amit Patel,Chennai,male
CUS01250,Rahul Das,Pune,MALE
CUS01251,Rahul Singh,Chennai,MALE
CUS01252,Sneha Das,Chennai, female  
CUS01253,Suresh Rao,,FEMALE
CUS01254,Meera Nair,Ahmedabad,FEMALE
CUS01255,Suresh Joshi,Pune,F
CUS01256,Vikram Patel,Bangalore,Female
CUS01257,Ananya Joshi,Hyderabad,Female
CUS01258,Suresh Patel,Ahmedabad,Male
CUS01259,Suresh Verma,,Female
CUS01260,Amit Joshi,Chennai,Female
CUS01261,Sneha Patel,Hyderabad,male
CUS01262,Priya Patel,Ahmedabad,MALE
CUS01263,Sneha Patel,Delhi, MALE  
CUS01264,Priya Patel,Ahmedabad,Male
CUS01265,Meera Patel,Ahmedabad,female
CUS01266,Priya Joshi,,M
CUS01267,Vikram Rao,Hyderabad,F
CUS01268,Vikram Kumar,Chennai,F
CUS01269,Priya Singh,Hyderabad,MALE
CUS01270,Rahul Verma, Ahmedabad  ,F
CUS01271,Suresh Singh,Kolkata,F
CUS01272,Vikram Gupta,Hyderabad,female
CUS01273,Rahul Gupta,Ahmedabad,female
CUS01274,Meera Singh,Bangalore,male
CUS01275,Vikram Patel,Pune,M
CUS01276,Vikram Gupta,Chennai,MALE
CUS01277,Ravi Rao,Pune,MALE
CUS01278,Rahul Joshi,Mumbai,M
CUS01279,Vikram Kumar, Chennai  ,female
CUS01280,Suresh Patel, Pune  ,M
CUS01281,Sneha Singh,Hyderabad,MALE
CUS01282,Amit Rao,Pune,F
CUS01283,Amit Gupta,Ahmedabad, M  
CUS01284,Rahul Verma,Chennai,MALE
CUS01285,Meera Kumar,Pune,male
CUS01286,Vikram Nair,Hyderabad,FEMALE
CUS01287,Ananya Gupta,Chennai,Female
CUS01288,Pooja Gupta,Ahmedabad,FEMALE
CUS01289,Amit Singh,Pune,MALE
CUS01290,Suresh Sharma,Delhi,F
CUS01291,Ananya Nair, Pune  ,Male
CUS01292,Meera Verma,Ahmedabad,Female
CUS01293,Pooja Das,Delhi,Female
CUS01294,Pooja Joshi,Hyderabad,M
CUS01295,Ravi Sharma,Bangalore,FEMALE
CUS01296,Sneha Gupta,, M  
CUS01297,Sneha Das,Kolkata,FEMALE
CUS01298,Rahul Patel,Pune,male
CUS01299,Suresh Gupta,,Male
CUS01300,Sneha Kumar,Delhi,female
CUS01301,Amit Singh,Bangalore,female
CUS01302,Sneha Rao,Ahmedabad,Male
CUS01303,Meera Verma,Mumbai,female
CUS01304,Sneha Verma,Delhi,Female
CUS01305,Sneha Verma,Ahmedabad,FEMALE
CUS01306,Ravi Rao,Pune, F  
CUS01307,Priya Rao,Kolkata,FEMALE
CUS01308,Amit Kumar,Chennai,M
CUS01309,Rahul Nair, Pune  ,male
CUS01310,Sneha Kumar,Bangalore, Male  
CUS01311,Suresh Singh,Pune,M
CUS01312,Sneha Kumar,Bangalore, male  
CUS01313,Amit Sharma,Kolkata,MALE
CUS01314,Amit Nair, Pune  ,male
CUS01315,Amit Gupta,Kolkata,male
CUS01316,Pooja Rao,Hyderabad,Female
CUS01317,Pooja Kumar,Ahmedabad,Male
CUS01318,Meera Patel,Bangalore,Female
CUS01319,Priya Verma,Bangalore,male
CUS01320,Rahul Kumar,Kolkata,female
CUS01321,Rahul Gupta,Pune,MALE
CUS01322,Ravi Sharma,Kolkata,Male
CUS01323,Sneha Singh,,Male
CUS01324,Sneha Das,Kolkata,F
CUS01325,Priya Kumar,Kolkata,MALE
CUS01326,Pooja Nair,Pune,MALE
CUS01327,Vikram Verma,Ahmedabad,FEMALE
CUS01328,Pooja Verma,,male
CUS01329,Ravi Nair,Delhi,FEMALE
CUS01330,Suresh Patel,Delhi,male
CUS01331,Ananya Nair,Bangalore,Male
CUS01332,Ananya Nair,Bangalore,Male
CUS01333,Priya Singh,Hyderabad,male
CUS01334,Meera Rao,Hyderabad,male
CUS01335,Suresh Rao,Hyderabad,M
CUS01336,Vikram Nair,Ahmedabad, MALE  
CUS01337,Ravi Singh,Chennai, Female  
CUS01338,Rahul Rao,Bangalore,female
CUS01339,Vikram Singh,Kolkata, FEMALE  
CUS01340,Rahul Kumar,Kolkata,male
CUS01341,Meera Joshi, Pune  ,MALE
CUS01342,Meera Joshi,Hyderabad,Female
CUS01343,Amit Rao, Bangalore  ,FEMALE
CUS01344,Pooja Kumar,Chennai,male
CUS01345,Pooja Rao,Hyderabad,FEMALE
CUS01346,Vikram Kumar, Kolkata  ,MALE
CUS01347,Priya Joshi,Pune,FEMALE
CUS01348,Priya Joshi,Hyderabad,M
CUS01349,Priya Das,Kolkata, M  
CUS01350,Meera Rao,Delhi,female
CUS01351,Meera Nair,,F
CUS01352,Amit Patel,Mumbai,M
CUS01353,Ravi Sharma, Bangalore  ,Female
CUS01354,Sneha Kumar,Ahmedabad,FEMALE
CUS01355,Rahul Patel,Ahmedabad,MALE
CUS01356,Priya Gupta,Pune,male
CUS01357,Vikram Verma,Pune,female
CUS01358,Ravi Patel,Delhi,F
CUS01359,Ananya Singh,Chennai,FEMALE
CUS01360,Suresh Kumar,Bangalore,MALE
CUS01361,Meera Rao,Bangalore,female
CUS01362,Ravi Verma,Chennai,FEMALE
CUS01363,Pooja Sharma,Chennai,FEMALE
CUS01364,Sneha Patel,Hyderabad, MALE  
CUS01365,Vikram Patel,Hyderabad,female
CUS01366,Suresh Das,Mumbai,F
CUS01367,Ravi Kumar,Hyderabad,M
CUS01368,Sneha Gupta,Pune,FEMALE
CUS01369,Sneha Nair, Pune  ,FEMALE
CUS01370,Priya Das,Bangalore,F
CUS01371,Meera Sharma,Hyderabad,female
CUS01372,Rahul Sharma,Ahmedabad, M  
CUS01373,Rahul Verma,Ahmedabad,FEMALE
CUS01374,Amit Das, Pune  ,MALE
CUS01375,Sneha Joshi,Ahmedabad,male
CUS01376,Suresh Rao,Chennai,FEMALE
CUS01377,Meera Sharma,Bangalore,FEMALE
CUS01378,Suresh Rao,Pune,Female
CUS01379,Amit Joshi,Bangalore,male
CUS01380,Ravi Rao,Delhi,M
CUS01381,Vikram Gupta,Kolkata,FEMALE
CUS01382,Vikram Rao,Bangalore,F
CUS01383,Priya Nair,Hyderabad,Female
CUS01384,Priya Singh, Chennai  ,Male
CUS01385,Vikram Sharma,Mumbai,Male
CUS01386,Pooja Singh,Pune,female
CUS01387,Meera Singh,Hyderabad,male
CUS01388,Pooja Sharma,Ahmedabad,male
CUS01389,Vikram Kumar,Mumbai,Female
CUS01390,Pooja Patel,Delhi,male
CUS01391,Suresh Rao,Bangalore,F
CUS01392,Ananya Singh,Ahmedabad,Female
CUS01393,Amit Joshi,Hyderabad, M  
CUS01394,Meera Das,Delhi,FEMALE
CUS01395,Pooja Patel,Kolkata,MALE
CUS01396,Pooja Sharma,Chennai,M
CUS01397,Vikram Sharma,Ahmedabad,M
CUS01398,Amit Nair,Mumbai,male
CUS01399,Suresh Sharma, Mumbai  ,female
CUS01400,Amit Patel,Kolkata,male
CUS01401,Priya Patel,Delhi,female
CUS01402,Ravi Patel,Ahmedabad, Male  
CUS01403,Ananya Singh,,female
CUS01404,Rahul Das,Kolkata, M  
CUS01405,Vikram Patel,Hyderabad,M
CUS01406,Sneha Joshi,,M
CUS01407,Pooja Singh,Chennai, M  
CUS01408,Pooja Verma, Hyderabad  ,male
CUS01409,Ravi Kumar,Bangalore,MALE
CUS01410,Ravi Patel,Chennai,Female
CUS01411,Amit Joshi,Delhi,male
CUS01412,Priya Patel,Ahmedabad,M
CUS01413,Amit Nair,Kolkata,male
CUS01414,Rahul Gupta,Hyderabad,Male
CUS01415,Amit Rao,Chennai,female
CUS01416,Sneha Gupta,Kolkata,Female
CUS01417,Vikram Nair, Ahmedabad  ,female
CUS01418,Priya Rao,Bangalore,Male
CUS01419,Rahul Verma,Mumbai,FEMALE
CUS01420,Meera Verma,,Male
CUS01421,Pooja Das,, Female  
CUS01422,Sneha Joshi,Kolkata,F
CUS01423,Rahul Joshi,Chennai,F
CUS01424,Ravi Kumar,Pune,male
CUS01425,Pooja Rao,,MALE
CUS01426,Ravi Rao,Hyderabad,FEMALE
CUS01427,Ananya Gupta,Kolkata,M
CUS01428,Sneha Das,Kolkata,female
CUS01429,Suresh Rao,Hyderabad,FEMALE
CUS01430,Suresh Joshi,Pune,male
CUS01431,Sneha Gupta,Chennai, M  
CUS01432,Pooja Sharma,Bangalore,M
CUS01433,Meera Singh,Hyderabad,MALE
CUS01434,Pooja Patel,Kolkata,male
CUS01435,Priya Verma,Bangalore,Male
CUS01436,Priya Gupta, Mumbai  ,Male
CUS01437,Priya Gupta,Pune,female
CUS01438,Rahul Kumar,Pune,F
CUS01439,Priya Nair,Chennai,male
CUS01440,Vikram Patel,Kolkata,F
CUS01441,Amit Singh,Delhi,F
CUS01442,Ananya Joshi,Kolkata,Male
CUS01443,Meera Gupta,,F
CUS01444,Meera Kumar,Pune,Female
CUS01445,Ananya Kumar,Kolkata,female
CUS01446,Meera Rao,Delhi, F  
CUS01447,Amit Joshi,Bangalore,MALE
CUS01448,Vikram Joshi,Pune,female
CUS01449,Ananya Nair,Kolkata,F
CUS01450,Amit Kumar,Mumbai,Male
CUS01451,Vikram Rao,Kolkata, M  
CUS01452,Ananya Singh,Pune,M
CUS01453,Priya Joshi,Pune,F
CUS01454,Rahul Verma,Delhi, Female  
CUS01455,Sneha Verma, Hyderabad  ,male
CUS01456,Meera Verma,,FEMALE
CUS01457,Ananya Verma,Bangalore,F
CUS01458,Priya Sharma, Delhi  ,Female
CUS01459,Ravi Gupta,Kolkata,Male
CUS01460,Rahul Joshi,Hyderabad,F
CUS01461,Suresh Sharma,Chennai,Male
CUS01462,Meera Patel,Delhi,male
CUS01463,Sneha Singh,Delhi,male
CUS01464,Vikram Patel,Kolkata,M
CUS01465,Vikram Kumar,Kolkata,female
CUS01466,Amit Das, Bangalore  ,FEMALE
CUS01467,Priya Gupta, Kolkata  , F  
CUS01468,Ananya Joshi,Pune,Female
CUS01469,Pooja Gupta,Pune,F
CUS01470,Pooja Gupta,Hyderabad,FEMALE
CUS01471,Ravi Rao,Kolkata,F
CUS01472,Rahul Rao,Mumbai,M
CUS01473,Rahul Patel, Pune  ,male
CUS01474,Amit Joshi, Delhi  ,MALE
CUS01475,Pooja Das,Kolkata,MALE
CUS01476,Amit Gupta,Ahmedabad,male
CUS01477,Rahul Patel, Delhi  ,F
CUS01478,Rahul Gupta,Ahmedabad,Male
CUS01479,Suresh Kumar,Chennai,Female
CUS01480,Pooja Verma,Pune,male
CUS01481,Sneha Gupta,Mumbai,female
CUS01482,Rahul Gupta,Ahmedabad,FEMALE
CUS01483,Pooja Sharma,Hyderabad,female
CUS01484,Priya Nair,Pune,male
CUS01485,Ravi Patel,Ahmedabad, MALE  
CUS01486,Sneha Sharma,Chennai,Male
CUS01487,Ananya Joshi,Pune,male
CUS01488,Meera Das,Pune,female
CUS01489,Suresh Kumar,Delhi,female
CUS01490,Sneha Singh,Hyderabad,Male
CUS01491,Pooja Singh, Chennai  , M  
CUS01492,Priya Kumar,Ahmedabad,F
CUS01493,Meera Singh,Ahmedabad,F
CUS01494,Ananya Singh,Pune,FEMALE
CUS01495,Ananya Rao,Pune,Male
CUS01496,Ananya Das,Bangalore,Male
CUS01497,Priya Singh,Mumbai,male
CUS01498,Ananya Gupta,Bangalore,female
CUS01499,Suresh Sharma,Pune,Female
CUS01500,Priya Patel,Kolkata,male
CUS01501,Amit Nair,Ahmedabad,MALE
CUS01502,Amit Patel, Mumbai  ,female
CUS01503,Ananya Rao,Hyderabad,male
CUS01504,Ravi Nair, Kolkata  , F  
CUS01505,Pooja Sharma, Delhi  ,female
CUS01506,Rahul Rao,Pune,FEMALE
CUS01507,Ananya Nair,,MALE
CUS01508,Ananya Kumar,Kolkata,MALE
CUS01509,Suresh Rao,Kolkata,Male
CUS01510,Sneha Patel,,Female
CUS01511,Amit Patel,Chennai,MALE
CUS01512,Rahul Gupta,,Male
CUS01513,Ravi Das,Hyderabad,FEMALE
CUS01514,Sneha Verma,Bangalore,MALE
CUS01515,Vikram Sharma,Delhi,Male
CUS01516,Ananya Patel,Chennai,male
CUS01517,Ravi Sharma,Hyderabad, FEMALE  
CUS01518,Pooja Patel,Chennai,MALE
CUS01519,Pooja Singh,Delhi,Male
CUS01520,Meera Nair,Mumbai,F
CUS01521,Rahul Patel,Chennai, F  
CUS01522,Pooja Rao,Delhi,Male
CUS01523,Vikram Kumar,Bangalore,Male
CUS01524,Sneha Patel,Ahmedabad,MALE
CUS01525,Ravi Nair,Ahmedabad,Male
CUS01526,Priya Das,Ahmedabad,Male
CUS01527,Ananya Nair,Pune,male
CUS01528,Ravi Gupta,Bangalore,M
CUS01529,Pooja Nair,Ahmedabad,male
CUS01530,Ananya Gupta,Kolkata,MALE
CUS01531,Ananya Nair,Ahmedabad,male
CUS01532,Meera Singh,Bangalore,male
CUS01533,Suresh Nair,Hyderabad,M
CUS01534,Rahul Patel,Mumbai,MALE
CUS01535,Ravi Nair,Pune,FEMALE
CUS01536,Priya Patel,Kolkata,M
CUS01537,Suresh Verma,Ahmedabad,female
CUS01538,Ravi Kumar,Ahmedabad,MALE
CUS01539,Amit Kumar,Hyderabad, female  
CUS01540,Pooja Verma,Delhi, Female  
CUS01541,Vikram Gupta,Kolkata,Male
CUS01542,Meera Sharma,Kolkata,F
CUS01543,Pooja Rao,Ahmedabad, FEMALE  
CUS01544,Pooja Sharma,Delhi,FEMALE
CUS01545,Suresh Verma, Kolkata  ,Female
CUS01546,Ananya Patel,Delhi,Female
CUS01547,Ravi Verma, Ahmedabad  ,F
CUS01548,Pooja Verma,Mumbai,Male
CUS01549,Suresh Sharma,Bangalore,M
CUS01550,Pooja Kumar,Chennai,F
CUS01551,Rahul Verma, Bangalore  ,M
CUS01552,Rahul Rao,Hyderabad,M
CUS01553,Pooja Verma,Mumbai,F
CUS01554,Ananya Rao,Delhi,Male
CUS01555,Priya Rao,Mumbai,FEMALE
CUS01556,Priya Kumar, Ahmedabad  , M  
CUS01557,Rahul Verma,Pune,female
CUS01558,Suresh Gupta,Mumbai,female
CUS01559,Priya Nair,Chennai,male
CUS01560,Ravi Sharma,Mumbai,male
CUS01561,Vikram Das, Pune  ,Female
CUS01562,Pooja Patel,Mumbai,FEMALE
CUS01563,Ravi Nair,Hyderabad,female
CUS01564,Priya Joshi,Delhi,male
CUS01565,Ananya Patel,Delhi,M
CUS01566,Ravi Sharma,Chennai,Male
CUS01567,Sneha Singh,Hyderabad,M
CUS01568,Rahul Patel,Ahmedabad,M
CUS01569,Suresh Verma,Chennai,Male
CUS01570,Pooja Gupta,,MALE
CUS01571,Pooja Nair,Chennai,MALE
CUS01572,Priya Joshi,Ahmedabad,male
CUS01573,Vikram Kumar,Pune,Female
CUS01574,Meera Patel,Chennai,FEMALE
CUS01575,Ravi Kumar,Pune,FEMALE
CUS01576,Rahul Kumar,Chennai,female
CUS01577,Pooja Das,Hyderabad,FEMALE
CUS01578,Sneha Das,Bangalore,MALE
CUS01579,Ravi Joshi,Pune,F
CUS01580,Meera Verma,Chennai,FEMALE
CUS01581,Sneha Kumar,Chennai, M  
CUS01582,Ravi Patel,Ahmedabad,MALE
CUS01583,Pooja Rao, Chennai  ,F
CUS01584,Amit Sharma,Kolkata,Female
CUS01585,Priya Rao,Delhi,MALE
CUS01586,Ananya Das, Hyderabad  , Male  
CUS01587,Meera Kumar,Chennai,female
CUS01588,Rahul Rao,Pune,FEMALE
CUS01589,Meera Kumar,,male
CUS01590,Pooja Das,Ahmedabad,M
CUS01591,Sneha Kumar,Bangalore,MALE
CUS01592,Sneha Verma,Kolkata,M
CUS01593,Ravi Das,Delhi,male
CUS01594,Pooja Rao, Kolkata  ,female
CUS01595,Meera Patel,Pune,M
CUS01596,Ravi Patel,Pune,M
CUS01597,Sneha Rao,Hyderabad,female
CUS01598,Priya Joshi,Ahmedabad,female
CUS01599,Ravi Joshi,Mumbai, M  
CUS01600,Vikram Joshi,Kolkata,female
CUS01601,Ravi Gupta,Bangalore,female
CUS01602,Suresh Sharma,Mumbai,male
CUS01603,Rahul Rao, Chennai  ,F
CUS01604,Suresh Verma,Chennai,M
CUS01605,Pooja Rao,Hyderabad,male
CUS01606,Priya Verma,Bangalore,female
CUS01607,Suresh Gupta,Delhi,Female
CUS01608,Ananya Singh,Bangalore,female
CUS01609,Rahul Sharma,,Male
CUS01610,Vikram Joshi,Ahmedabad,FEMALE
CUS01611,Meera Sharma,Hyderabad,female
CUS01612,Pooja Rao,Delhi,MALE
CUS01613,Meera Rao,Kolkata,FEMALE
CUS01614,Amit Patel,Chennai,F
CUS01615,Ravi Rao,Delhi,MALE
CUS01616,Amit Patel,,F
CUS01617,Rahul Kumar,Kolkata,F
CUS01618,Vikram Joshi,,female
CUS01619,Ravi Sharma,Kolkata,female
CUS01620,Amit Gupta,Hyderabad,Female
CUS01621,Vikram Gupta,Ahmedabad, M  
CUS01622,Ananya Patel, Ahmedabad  , F  
CUS01623,Suresh Kumar,Chennai,Female
CUS01624,Ravi Gupta, Mumbai  , FEMALE  
CUS01625,Suresh Das,Ahmedabad, FEMALE  
CUS01626,Amit Nair,Delhi,M
CUS01627,Pooja Kumar,Delhi,M
CUS01628,Vikram Rao,Bangalore,Female
CUS01629,Meera Patel, Hyderabad  ,male
CUS01630,Vikram Patel,Kolkata,M
CUS01631,Pooja Verma,Mumbai,Male
CUS01632,Pooja Gupta,Hyderabad,F
CUS01633,Suresh Gupta,Pune,MALE
CUS01634,Sneha Patel,Pune,MALE
CUS01635,Ravi Sharma,Mumbai,MALE
CUS01636,Sneha Patel,Chennai,male
CUS01637,Ravi Rao,Ahmedabad,FEMALE
CUS01638,Priya Gupta,Pune,F
CUS01639,Amit Gupta,Mumbai,male
CUS01640,Ravi Das,Pune,F
CUS01641,Rahul Gupta,Hyderabad,MALE
CUS01642,Priya Sharma,Bangalore,Female
CUS01643,Rahul Sharma,Bangalore,Female
CUS01644,Ananya Gupta,,MALE
CUS01645,Meera Verma, Delhi  ,FEMALE
CUS01646,Ravi Joshi,Mumbai,female
CUS01647,Vikram Singh,Delhi,Female
CUS01648,Suresh Verma,Delhi,male
CUS01649,Ananya Singh,Ahmedabad,Male
CUS01650,Ravi Rao,Ahmedabad,MALE
CUS01651,Pooja Singh,Hyderabad,FEMALE
CUS01652,Pooja Singh, Bangalore  ,Female
CUS01653,Meera Patel,Bangalore,FEMALE
CUS01654,Sneha Joshi,Ahmedabad,MALE
CUS01655,Amit Kumar,Mumbai, FEMALE  
CUS01656,Ananya Joshi,Kolkata,M
CUS01657,Meera Singh,Bangalore,M
CUS01658,Pooja Gupta,Mumbai,MALE
CUS01659,Sneha Singh, Bangalore  ,F
CUS01660,Meera Gupta,,FEMALE
CUS01661,Ananya Nair, Pune  ,female
CUS01662,Amit Joshi,Chennai,female
CUS01663,Amit Rao,Chennai,Male
CUS01664,Meera Das,Delhi,F
CUS01665,Vikram Sharma,Hyderabad,female
CUS01666,Suresh Patel,Hyderabad,M
CUS01667,Ravi Sharma,Mumbai,female
CUS01668,Vikram Das,Delhi, M  
CUS01669,Sneha Rao,Mumbai,MALE
CUS01670,Priya Gupta,Pune,Male
CUS01671,Vikram Singh,,male
CUS01672,Rahul Gupta,Chennai,M
CUS01673,Rahul Verma,Delhi, Female  
CUS01674,Priya Joshi,Mumbai,MALE
CUS01675,Pooja Das,Pune,F
CUS01676,Ravi Patel,Chennai,Female
CUS01677,Rahul Singh,Chennai,Female
CUS01678,Ananya Sharma,Pune,female
CUS01679,Suresh Rao,Pune,M
CUS01680,Priya Patel,Hyderabad,F
CUS01681,Sneha Sharma,Ahmedabad,FEMALE
CUS01682,Ananya Gupta,, FEMALE  
CUS01683,Priya Singh,,FEMALE
CUS01684,Pooja Joshi,Delhi,Female
CUS01685,Suresh Rao,Pune,FEMALE
CUS01686,Rahul Kumar, Chennai  ,MALE
CUS01687,Suresh Gupta,Kolkata,M
CUS01688,Vikram Gupta,Delhi, M  
CUS01689,Priya Kumar,Bangalore,Female
CUS01690,Priya Patel,Pune,female
CUS01691,Suresh Das,Mumbai,Female
CUS01692,Amit Kumar,Chennai,Female
CUS01693,Priya Das,Kolkata,Male
CUS01694,Ravi Nair,Mumbai,F
CUS01695,Rahul Singh,Delhi,female
CUS01696,Rahul Singh,,female
CUS01697,Sneha Joshi,,MALE
CUS01698,Suresh Kumar, Hyderabad  ,M
CUS01699,Vikram Kumar,Pune,M
CUS01700,Meera Joshi,Hyderabad,M
CUS01701,Rahul Das,Mumbai,female
CUS01702,Amit Patel,Bangalore,female
CUS01703,Sneha Kumar,Hyderabad,M
CUS01704,Amit Rao,Delhi,Female
CUS01705,Priya Gupta,Delhi,male
CUS01706,Sneha Singh,Pune,MALE
CUS01707,Vikram Rao,Hyderabad,female
CUS01708,Amit Joshi,Mumbai, male  
CUS01709,Vikram Singh,Chennai,MALE
CUS01710,Ananya Kumar,Kolkata,Female
CUS01711,Ravi Kumar,Hyderabad,MALE
CUS01712,Sneha Joshi,Bangalore, male  
CUS01713,Ananya Nair,Kolkata,male
CUS01714,Amit Verma,Chennai,MALE
CUS01715,Suresh Das,Delhi,female
CUS01716,Amit Gupta,Bangalore,Male
CUS01717,Vikram Rao,,female
CUS01718,Meera Das,Chennai,female
CUS01719,Ananya Sharma,Pune,female
CUS01720,Ravi Nair,Pune,FEMALE
CUS01721,Amit Patel,Mumbai,male
CUS01722,Suresh Joshi,Ahmedabad,Female
CUS01723,Vikram Sharma,Bangalore,FEMALE
CUS01724,Priya Gupta,Kolkata,F
CUS01725,Suresh Patel,Hyderabad,MALE
CUS01726,Amit Joshi,Mumbai,male
CUS01727,Meera Patel,Hyderabad,Female
CUS01728,Suresh Singh, Chennai  ,FEMALE
CUS01729,Sneha Singh,Mumbai,Male
CUS01730,Sneha Patel,,male
CUS01731,Rahul Sharma,Bangalore,F
CUS01732,Vikram Rao,Delhi,FEMALE
CUS01733,Amit Singh,Bangalore,male
CUS01734,Rahul Patel, Pune  ,M
CUS01735,Rahul Kumar,Delhi,female
CUS01736,Ravi Singh,Pune,female
CUS01737,Amit Patel,Ahmedabad,female
CUS01738,Meera Verma,Kolkata,F
CUS01739,Ravi Das,Bangalore,Female
CUS01740,Sneha Sharma, Bangalore  ,female
CUS01741,Priya Kumar,Delhi,FEMALE
CUS01742,Pooja Patel,Chennai, male  
CUS01743,Meera Joshi,Bangalore,Female
CUS01744,Ananya Joshi,Delhi,Female
CUS01745,Amit Sharma,Bangalore, FEMALE  
CUS01746,Meera Verma,Mumbai,Female
CUS01747,Suresh Gupta,Delhi,Female
CUS01748,Ananya Gupta,Mumbai,Male
CUS01749,Vikram Singh,Kolkata,MALE
CUS01750,Suresh Verma,Delhi,F
CUS01751,Pooja Sharma,Bangalore,Male
CUS01752,Vikram Patel,, Male  
CUS01753,Vikram Nair,Kolkata,FEMALE
CUS01754,Vikram Nair,Bangalore,female
CUS01755,Rahul Das,Hyderabad,Male
CUS01756,Amit Rao,Kolkata,Male
CUS01757,Amit Das,Hyderabad,F
CUS01758,Ravi Kumar,Bangalore,Male
CUS01759,Vikram Singh,Delhi,Male
CUS01760,Sneha Nair,Ahmedabad,female
CUS01761,Ravi Das,Delhi,Female
CUS01762,Rahul Sharma,Chennai,MALE
CUS01763,Suresh Rao,Hyderabad,male
CUS01764,Amit Rao,Hyderabad,MALE
CUS01765,Ananya Kumar,Chennai,male
CUS01766,Rahul Kumar,Mumbai,FEMALE
CUS01767,Pooja Rao,Hyderabad,Male
CUS01768,Suresh Nair,Chennai,MALE
CUS01769,Suresh Nair,Mumbai,FEMALE
CUS01770,Amit Gupta,Bangalore,male
CUS01771,Sneha Patel,Mumbai,MALE
CUS01772,Priya Rao,Pune,FEMALE
CUS01773,Meera Joshi,Hyderabad,Female
CUS01774,Sneha Patel,Ahmedabad,Male
CUS01775,Ananya Patel,Delhi,female
CUS01776,Meera Nair,Mumbai,Female
CUS01777,Suresh Rao,Ahmedabad,M
CUS01778,Amit Das, Mumbai  ,Male
CUS01779,Suresh Sharma,Delhi,male
CUS01780,Vikram Das,Hyderabad,F
CUS01781,Sneha Rao,Delhi,Male
CUS01782,Meera Verma,Pune, Male  
CUS01783,Vikram Patel,Delhi,MALE
CUS01784,Ravi Patel,Hyderabad,Male
CUS01785,Suresh Singh,Bangalore,female
CUS01786,Priya Kumar,Delhi,FEMALE
CUS01787,Suresh Rao,Mumbai,MALE
CUS01788,Ravi Rao,Mumbai,FEMALE
CUS01789,Rahul Rao,Kolkata,Female
CUS01790,Sneha Gupta,Mumbai,Male
CUS01791,Pooja Verma,Kolkata,Male
CUS01792,Vikram Gupta,Pune,male
CUS01793,Priya Joshi, Pune  ,male
CUS01794,Suresh Kumar,Ahmedabad,male
CUS01795,Suresh Sharma,,female
CUS01796,Suresh Nair,Ahmedabad,female
CUS01797,Priya Sharma,Bangalore,FEMALE
CUS01798,Amit Nair,Delhi,Male
CUS01799,Vikram Das,Pune,Female
CUS01800,Meera Singh,Bangalore,F
CUS01801,Meera Rao,Kolkata,M
CUS01802,Suresh Kumar,Chennai,F
CUS01803,Meera Patel,Bangalore,M
CUS01804,Vikram Das,Bangalore,Male
CUS01805,Sneha Kumar,Hyderabad,Female
CUS01806,Amit Nair,Bangalore,Male
CUS01807,Amit Joshi,Ahmedabad,F
CUS01808,Sneha Gupta,Bangalore,female
CUS01809,Suresh Sharma,Pune,male
CUS01810,Priya Singh,Chennai,M
CUS01811,Ananya Nair,Kolkata,male
CUS01812,Ananya Rao,Bangalore,M
CUS01813,Priya Singh,Delhi,F
CUS01814,Priya Kumar,Hyderabad,FEMALE
CUS01815,Vikram Nair,Hyderabad,male
CUS01816,Rahul Joshi,,Male
CUS01817,Ravi Verma, Hyderabad  ,M
CUS01818,Priya Verma,Mumbai,M
CUS01819,Priya Rao,Hyderabad, Male  
CUS01820,Priya Gupta,Mumbai,MALE
CUS01821,Pooja Rao,Mumbai,female
CUS01822,Pooja Joshi, Bangalore  ,MALE
CUS01823,Pooja Singh,Ahmedabad,Male
CUS01824,Ananya Sharma,Kolkata,male
CUS01825,Amit Singh,Delhi,F
CUS01826,Suresh Kumar,Delhi,M
CUS01827,Rahul Gupta,Delhi,F
CUS01828,Ravi Verma,Pune,FEMALE
CUS01829,Rahul Verma,Ahmedabad,Male
CUS01830,Ravi Patel,,Female
CUS01831,Sneha Patel,Pune,FEMALE
CUS01832,Meera Sharma, Ahmedabad  ,MALE
CUS01833,Vikram Nair,Bangalore,male
CUS01834,Amit Patel,Mumbai,MALE
CUS01835,Suresh Verma,Ahmedabad,Female
CUS01836,Rahul Singh,Bangalore,F
CUS01837,Meera Nair, Delhi  ,Female
CUS01838,Suresh Gupta,Bangalore,M
CUS01839,Ravi Patel,Ahmedabad,F
CUS01840,Ananya Rao,Hyderabad,male
CUS01841,Amit Joshi,Mumbai,F
CUS01842,Amit Rao,Kolkata,Female
CUS01843,Amit Gupta,Ahmedabad,male
CUS01844,Ananya Gupta,Mumbai,male
CUS01845,Ananya Nair,Bangalore, FEMALE  
CUS01846,Priya Nair,Ahmedabad,M
CUS01847,Pooja Das, Bangalore  ,FEMALE
CUS01848,Meera Das,Mumbai,MALE
CUS01849,Amit Gupta,Chennai,male
CUS01850,Suresh Rao,Mumbai,female
CUS01851,Meera Gupta,Chennai,male
CUS01852,Suresh Joshi,Delhi,F
CUS01853,Sneha Nair,Mumbai,FEMALE
CUS01854,Meera Joshi,Kolkata, male  
CUS01855,Pooja Joshi,Chennai,Female
CUS01856,Rahul Singh,Ahmedabad,M
CUS01857,Suresh Gupta,Pune,Male
CUS01858,Vikram Sharma,Mumbai,female
CUS01859,Meera Sharma,Pune,FEMALE
CUS01860,Ananya Gupta,Mumbai,male
CUS01861,Ravi Patel,Chennai,M
CUS01862,Sneha Singh,Bangalore,MALE
CUS01863,Sneha Nair,Chennai,female
CUS01864,Ananya Singh,Delhi,Female
CUS01865,Ananya Rao,Pune,male
CUS01866,Sneha Gupta,Bangalore,female
CUS01867,Ravi Gupta,Pune,Female
CUS01868,Suresh Gupta, Pune  ,MALE
CUS01869,Sneha Sharma,Mumbai,MALE
CUS01870,Priya Joshi,Hyderabad,Female
CUS01871,Vikram Sharma,Ahmedabad,FEMALE
CUS01872,Vikram Joshi,Delhi,MALE
CUS01873,Rahul Gupta,Delhi,Female
CUS01874,Ravi Joshi,Hyderabad,Female
CUS01875,Rahul Verma, Pune  ,MALE
CUS01876,Rahul Joshi,Chennai,Male
CUS01877,Suresh Joshi,Kolkata,Female
CUS01878,Ananya Singh,Mumbai, F  
CUS01879,Rahul Gupta,Hyderabad,FEMALE
CUS01880,Pooja Nair,Kolkata,M
CUS01881,Ananya Nair,Ahmedabad,male
CUS01882,Ananya Das,Pune,MALE
CUS01883,Meera Kumar,Kolkata,FEMALE
CUS01884,Ravi Gupta,Bangalore,Female
CUS01885,Vikram Gupta,Mumbai, Male  
CUS01886,Rahul Verma,Hyderabad,Female
CUS01887,Pooja Sharma,Pune,Male
CUS01888,Vikram Kumar,Hyderabad,male
CUS01889,Meera Joshi,Chennai,M
CUS01890,Pooja Kumar,Bangalore,female
CUS01891,Rahul Gupta,,FEMALE
CUS01892,Rahul Nair,Chennai,female
CUS01893,Meera Singh,Delhi,Female
CUS01894,Amit Verma,Mumbai,Male
CUS01895,Pooja Gupta,Hyderabad,female
CUS01896,Priya Joshi,Mumbai,M
CUS01897,Vikram Gupta,Bangalore,F
CUS01898,Meera Verma,Chennai,Male
CUS01899,Ravi Sharma,Ahmedabad,female
CUS01900,Pooja Patel,Bangalore,F
CUS01901,Meera Singh,Hyderabad,female
CUS01902,Rahul Verma,Mumbai,female
CUS01903,Sneha Nair,Kolkata,Female
CUS01904,Sneha Das,Bangalore,FEMALE
CUS01905,Pooja Joshi,Hyderabad,MALE
CUS01906,Amit Das,Ahmedabad,MALE
CUS01907,Priya Singh,Pune,F
CUS01908,Meera Singh,Ahmedabad, F  
CUS01909,Meera Joshi, Ahmedabad  ,female
CUS01910,Suresh Nair,Ahmedabad,FEMALE
CUS01911,Ananya Rao,,Female
CUS01912,Suresh Joshi,Mumbai,Male
CUS01913,Sneha Gupta,Ahmedabad,F
CUS01914,Amit Patel,Pune,M
CUS01915,Meera Das,Mumbai,M
CUS01916,Meera Verma,Pune,male
CUS01917,Meera Gupta,Mumbai,male
CUS01918,Suresh Patel,Mumbai,MALE
CUS01919,Pooja Verma,Mumbai,Male
CUS01920,Amit Singh,Hyderabad,Female
CUS01921,Rahul Sharma,Bangalore,F
CUS01922,Ravi Rao,Delhi,Female
CUS01923,Amit Joshi,Delhi,Female
CUS01924,Sneha Das,Bangalore,F
CUS01925,Sneha Nair, Hyderabad  ,M
CUS01926,Priya Singh,Mumbai,MALE
CUS01927,Ravi Nair,Chennai,Male
CUS01928,Rahul Das,Bangalore,FEMALE
CUS01929,Ananya Gupta,,female
CUS01930,Sneha Das,Kolkata,Male
CUS01931,Priya Patel,Pune,F
CUS01932,Suresh Gupta,Ahmedabad,M
CUS01933,Amit Kumar,Pune,male
CUS01934,Pooja Sharma,Delhi,Male
CUS01935,Pooja Kumar,Kolkata,F
CUS01936,Priya Rao,Mumbai,F
CUS01937,Vikram Nair,,female
CUS01938,Amit Patel,Delhi,male
CUS01939,Ravi Joshi, Chennai  ,Male
CUS01940,Ananya Joshi,Ahmedabad,MALE
CUS01941,Vikram Joshi,Pune,male
CUS01942,Priya Sharma,Delhi,F
CUS01943,Amit Rao,Mumbai, Female  
CUS01944,Ravi Nair,Hyderabad,Female
CUS01945,Rahul Das,Mumbai,FEMALE
CUS01946,Pooja Verma,Mumbai,FEMALE
CUS01947,Pooja Patel,Hyderabad,Female
CUS01948,Suresh Kumar,,MALE
CUS01949,Sneha Sharma,Ahmedabad,male
CUS01950,Ravi Das,Mumbai,FEMALE
CUS01951,Sneha Das,Chennai,Male
CUS01952,Ravi Rao,Kolkata,F
CUS01953,Rahul Joshi,Kolkata,Female
CUS01954,Priya Kumar, Mumbai  ,M
CUS01955,Amit Joshi,,Female
CUS01956,Vikram Das,Ahmedabad, MALE  
CUS01957,Meera Kumar,Hyderabad,Female
CUS01958,Rahul Sharma,Mumbai,Female
CUS01959,Meera Joshi,Chennai,MALE
CUS01960,Priya Patel,Kolkata,F
CUS01961,Suresh Kumar,Ahmedabad,M
CUS01962,Pooja Kumar,Delhi,Female
CUS01963,Rahul Gupta,Mumbai,female
CUS01964,Priya Das,Kolkata,MALE
CUS01965,Ravi Singh,Ahmedabad,MALE
CUS01966,Suresh Singh,Mumbai,F
CUS01967,Amit Kumar,Delhi,male
CUS01968,Meera Das,Delhi,Female
CUS01969,Amit Nair,Ahmedabad,Female
CUS01970,Ravi Kumar,Chennai,Female
CUS01971,Ananya Nair,Chennai,Female
CUS01972,Amit Nair,Hyderabad,FEMALE
CUS01973,Ananya Joshi,,Male
CUS01974,Priya Kumar,Delhi,female
CUS01975,Suresh Joshi,Kolkata,Female
CUS01976,Suresh Singh,Chennai,M
CUS01977,Amit Kumar,Ahmedabad,F
CUS01978,Priya Das,Mumbai,Female
CUS01979,Sneha Singh,Kolkata,F
CUS01980,Ravi Gupta,Ahmedabad,female
CUS01981,Amit Das,Delhi,M
CUS01982,Sneha Kumar,Kolkata,M
CUS01983,Pooja Sharma, Kolkata  ,MALE
CUS01984,Ananya Das,Bangalore,male
CUS01985,Meera Patel,Hyderabad, male  
CUS01986,Ravi Singh,Chennai,female
CUS01987,Priya Rao,Chennai,F
CUS01988,Priya Das,Mumbai, MALE  
CUS01989,Sneha Rao,Hyderabad,male
CUS01990,Ananya Singh,Delhi,M
CUS01991,Amit Singh, Hyderabad  ,Female
CUS01992,Vikram Verma,Pune,MALE
CUS01993,Vikram Sharma,Delhi,female
CUS01994,Priya Nair,Kolkata,F
CUS01995,Amit Rao,Bangalore,Male
CUS01996,Vikram Rao,Ahmedabad, MALE  
CUS01997,Ravi Kumar,Delhi,male
CUS01998,Meera Rao,Kolkata,female
CUS01999,Priya Gupta,Ahmedabad,MALE
CUS02000,Meera Singh,Pune,Male
